started_at,ended_at,member_casual,trip_duration,time_of_day
2024-10-01 00:05:44.954,2024-10-01 00:05:45.760,member,0.013433333333333334,Midday
2024-10-01 00:06:12.035,2024-10-01 00:16:40.411,member,10.472933333333334,Midday
2024-10-01 00:10:29.526,2024-10-01 00:17:04.344,casual,6.580299999999999,Midday
2024-10-01 00:13:10.580,2024-10-01 00:13:26.944,casual,0.2727333333333333,Midday
2024-10-01 00:13:18.415,2024-10-01 00:16:57.230,member,3.646916666666667,Midday
2024-10-01 00:14:36.529,2024-10-01 00:23:45.959,casual,9.157166666666665,Midday
2024-10-01 00:14:48.058,2024-10-01 00:15:21.393,member,0.5555833333333333,Midday
2024-10-01 00:17:03.628,2024-10-01 00:17:18.589,member,0.24935000000000002,Midday
2024-10-01 00:23:29.903,2024-10-01 00:24:08.807,casual,0.6484000000000001,Midday
2024-10-01 00:24:43.011,2024-10-01 01:21:26.197,casual,56.71976666666667,Midday
2024-10-01 00:24:51.949,2024-10-01 00:25:51.820,casual,0.99785,Midday
2024-10-01 00:27:03.582,2024-10-01 00:33:10.798,member,6.120266666666667,Midday
2024-10-01 00:27:57.863,2024-10-01 00:37:54.268,casual,9.940083333333332,Midday
2024-10-01 00:33:05.632,2024-10-01 00:39:14.533,casual,6.14835,Midday
2024-10-01 00:35:37.333,2024-10-01 00:39:08.883,casual,3.5258333333333334,Midday
2024-10-01 00:36:18.960,2024-10-01 00:39:13.967,casual,2.9167833333333335,Midday
2024-10-01 00:38:23.424,2024-10-01 00:57:23.847,member,19.00705,Midday
2024-10-01 00:38:37.779,2024-10-01 00:51:45.412,casual,13.127216666666667,Midday
2024-10-01 00:41:46.103,2024-10-01 00:51:15.068,casual,9.482750000000001,Midday
2024-10-01 00:43:40.532,2024-10-01 00:46:45.533,member,3.0833500000000003,Midday
2024-10-01 00:46:06.121,2024-10-01 00:49:08.145,casual,3.033733333333333,Midday
2024-10-01 00:47:44.203,2024-10-01 01:00:30.872,member,12.777816666666666,Midday
2024-10-01 00:50:06.391,2024-10-01 01:20:36.649,casual,30.5043,Midday
2024-10-01 00:50:06.981,2024-10-01 01:00:40.405,casual,10.557066666666666,Midday
2024-10-01 00:51:06.622,2024-10-01 00:56:22.122,member,5.258333333333334,Midday
2024-10-01 00:54:58.255,2024-10-01 00:58:49.878,casual,3.860383333333333,Midday
2024-10-01 01:00:48.373,2024-10-01 01:28:05.672,member,27.288316666666667,Midday
2024-10-01 01:01:19.523,2024-10-01 01:06:13.159,member,4.893933333333334,Midday
2024-10-01 01:02:40.052,2024-10-01 01:11:08.929,casual,8.481283333333334,Midday
2024-10-01 01:15:51.366,2024-10-01 01:20:59.429,member,5.134383333333333,Midday
2024-10-01 01:28:59.057,2024-10-01 01:39:17.122,casual,10.301083333333334,Midday
2024-10-01 01:34:26.035,2024-10-01 01:38:22.079,member,3.934066666666667,Midday
2024-10-01 01:46:32.643,2024-10-01 02:06:51.429,member,20.313100000000002,Midday
2024-10-01 01:49:50.835,2024-10-01 02:23:15.015,member,33.403,Midday
2024-10-01 01:52:50.976,2024-10-01 02:00:49.827,member,7.98085,Midday
2024-10-01 01:56:46.788,2024-10-01 02:13:55.994,casual,17.153433333333332,Midday
2024-10-01 01:56:52.525,2024-10-01 02:17:09.854,member,20.288816666666666,Midday
2024-10-01 02:19:59.466,2024-10-01 02:23:39.836,member,3.6728333333333336,Midday
2024-10-01 02:38:26.449,2024-10-01 02:44:45.575,casual,6.318766666666666,Midday
2024-10-01 02:39:19.646,2024-10-01 02:44:56.388,casual,5.612366666666667,Midday
2024-10-01 02:43:39.509,2024-10-01 02:59:22.490,casual,15.71635,Midday
2024-10-01 02:46:41.101,2024-10-01 03:03:22.937,casual,16.697266666666668,Midday
2024-10-01 03:08:56.518,2024-10-01 03:11:37.485,casual,2.6827833333333335,Midday
2024-10-01 03:13:19.931,2024-10-01 03:25:08.854,casual,11.815383333333333,Midday
2024-10-01 03:37:44.271,2024-10-01 03:41:50.393,member,4.102033333333334,Midday
2024-10-01 03:43:06.761,2024-10-01 03:45:19.665,member,2.2150666666666665,Midday
2024-10-01 03:43:16.998,2024-10-01 03:44:43.439,casual,1.4406833333333333,Midday
2024-10-01 03:45:52.917,2024-10-01 04:10:18.822,member,24.43175,Midday
2024-10-01 03:58:27.521,2024-10-01 04:01:19.445,member,2.8654,Midday
2024-10-01 04:34:16.209,2024-10-01 04:38:58.942,casual,4.7122166666666665,Midday
2024-10-01 04:48:26.071,2024-10-01 04:58:22.403,casual,9.938866666666666,Midday
2024-10-01 04:49:05.647,2024-10-01 04:58:09.561,member,9.065233333333333,Midday
2024-10-01 04:53:19.422,2024-10-01 04:59:48.652,member,6.487166666666667,Midday
2024-10-01 04:54:55.765,2024-10-01 04:58:47.639,member,3.8645666666666667,Midday
2024-10-01 05:14:58.092,2024-10-01 05:46:19.286,casual,31.353233333333332,Midday
2024-10-01 05:17:13.486,2024-10-01 05:20:55.858,member,3.7062000000000004,Midday
2024-10-01 05:19:22.060,2024-10-01 05:47:30.772,member,28.1452,Midday
2024-10-01 05:29:06.908,2024-10-01 05:34:31.316,casual,5.4068000000000005,Midday
2024-10-01 05:31:34.524,2024-10-01 05:34:12.142,member,2.6269666666666667,Midday
2024-10-01 05:36:08.574,2024-10-01 05:43:30.148,member,7.359566666666667,Midday
2024-10-01 05:38:48.226,2024-10-01 05:54:25.949,member,15.628716666666666,Midday
2024-10-01 05:40:00.757,2024-10-01 05:55:33.576,casual,15.546983333333333,Midday
2024-10-01 05:40:35.647,2024-10-01 05:48:52.651,member,8.2834,Midday
2024-10-01 05:46:45.002,2024-10-01 05:49:43.389,member,2.973116666666667,Midday
2024-10-01 05:47:37.500,2024-10-01 06:04:14.784,member,16.6214,Midday
2024-10-01 05:50:15.725,2024-10-01 06:02:32.853,casual,12.285466666666668,Midday
2024-10-01 05:50:21.178,2024-10-01 05:54:09.105,member,3.798783333333333,Midday
2024-10-01 05:51:18.135,2024-10-01 06:07:24.735,member,16.11,Midday
2024-10-01 05:53:52.236,2024-10-01 06:12:19.337,member,18.451683333333335,Midday
2024-10-01 05:55:24.458,2024-10-01 05:59:10.926,member,3.7744666666666666,Midday
2024-10-01 05:55:54.024,2024-10-01 06:00:12.945,member,4.31535,Midday
2024-10-01 05:57:08.340,2024-10-01 06:12:45.911,casual,15.626183333333334,Midday
2024-10-01 06:00:24.972,2024-10-01 06:08:49.035,member,8.40105,Midday
2024-10-01 06:04:02.484,2024-10-01 06:07:31.202,member,3.4786333333333332,Midday
2024-10-01 06:04:20.795,2024-10-01 06:08:17.326,member,3.9421833333333334,Midday
2024-10-01 06:05:40.394,2024-10-01 06:12:47.129,member,7.11225,Midday
2024-10-01 06:07:35.789,2024-10-01 06:18:47.773,member,11.199733333333334,Midday
2024-10-01 06:08:11.970,2024-10-01 06:19:05.508,member,10.8923,Midday
2024-10-01 06:09:44.479,2024-10-01 06:20:14.702,casual,10.503716666666666,Midday
2024-10-01 06:11:42.064,2024-10-01 06:22:48.957,member,11.114883333333333,Midday
2024-10-01 06:12:25.743,2024-10-01 06:17:13.925,member,4.8030333333333335,Midday
2024-10-01 06:13:17.209,2024-10-01 06:19:41.539,casual,6.4055,Midday
2024-10-01 06:15:21.574,2024-10-01 06:33:59.300,member,18.628766666666667,Midday
2024-10-01 06:16:16.820,2024-10-01 06:24:01.879,member,7.750983333333334,Midday
2024-10-01 06:16:23.250,2024-10-01 06:22:58.057,member,6.580116666666667,Midday
2024-10-01 06:16:24.800,2024-10-01 06:21:45.581,casual,5.34635,Midday
2024-10-01 06:16:36.056,2024-10-01 06:29:05.364,casual,12.488466666666666,Midday
2024-10-01 06:20:55.352,2024-10-01 06:30:31.848,casual,9.608266666666667,Midday
2024-10-01 06:21:15.523,2024-10-01 06:33:18.817,member,12.0549,Midday
2024-10-01 06:21:45.951,2024-10-01 06:30:56.798,member,9.180783333333332,Midday
2024-10-01 06:24:01.412,2024-10-01 06:31:25.682,member,7.4045,Midday
2024-10-01 06:24:03.430,2024-10-01 06:26:37.504,member,2.5679000000000003,Midday
2024-10-01 06:24:30.651,2024-10-01 06:37:04.973,casual,12.572033333333334,Midday
2024-10-01 06:24:53.320,2024-10-01 06:31:23.488,member,6.5028,Midday
2024-10-01 06:25:43.440,2024-10-01 06:56:53.167,member,31.16211666666667,Midday
2024-10-01 06:27:11.479,2024-10-01 06:34:57.317,casual,7.763966666666667,Midday
2024-10-01 06:27:15.131,2024-10-01 06:28:57.412,member,1.7046833333333333,Midday
2024-10-01 06:27:16.428,2024-10-01 06:28:48.833,member,1.5400833333333332,Midday
2024-10-01 06:27:39.264,2024-10-01 06:39:33.869,member,11.910083333333334,Midday
2024-10-01 06:28:04.516,2024-10-01 06:40:47.023,member,12.70845,Midday
2024-10-01 06:28:40.604,2024-10-01 06:31:17.688,casual,2.6180666666666665,Midday
2024-10-01 06:28:44.210,2024-10-01 06:34:02.340,member,5.3021666666666665,Midday
2024-10-01 06:29:02.453,2024-10-01 06:46:34.723,casual,17.53783333333333,Midday
2024-10-01 06:30:34.366,2024-10-01 06:36:23.240,member,5.814566666666667,Midday
2024-10-01 06:30:54.984,2024-10-01 06:53:47.565,member,22.87635,Midday
2024-10-01 06:32:08.361,2024-10-01 06:45:08.445,member,13.001399999999999,Midday
2024-10-01 06:32:12.321,2024-10-01 06:44:10.245,member,11.965399999999999,Midday
2024-10-01 06:32:20.547,2024-10-01 06:41:27.502,member,9.115916666666667,Midday
2024-10-01 06:34:35.309,2024-10-01 06:43:52.385,member,9.284600000000001,Midday
2024-10-01 06:34:59.887,2024-10-01 06:45:54.021,casual,10.902233333333333,Midday
2024-10-01 06:39:23.367,2024-10-01 06:48:13.577,member,8.836833333333335,Midday
2024-10-01 06:40:11.658,2024-10-01 06:45:48.430,casual,5.612866666666666,Midday
2024-10-01 06:40:11.729,2024-10-01 06:45:31.670,member,5.33235,Midday
2024-10-01 06:41:34.819,2024-10-01 06:49:39.647,casual,8.080466666666666,Midday
2024-10-01 06:42:34.486,2024-10-01 06:46:24.374,casual,3.8314666666666666,Midday
2024-10-01 06:42:37.431,2024-10-01 06:56:33.464,member,13.933883333333334,Midday
2024-10-01 06:43:11.770,2024-10-01 06:48:16.349,member,5.076316666666667,Midday
2024-10-01 06:43:29.158,2024-10-01 06:59:27.499,member,15.97235,Midday
2024-10-01 06:44:07.600,2024-10-01 06:47:33.365,casual,3.4294166666666666,Midday
2024-10-01 06:44:55.929,2024-10-01 06:49:17.851,casual,4.3653666666666675,Midday
2024-10-01 06:44:56.984,2024-10-01 06:55:57.372,casual,11.006466666666666,Midday
2024-10-01 06:46:44.385,2024-10-01 06:55:56.468,member,9.201383333333332,Midday
2024-10-01 06:46:45.807,2024-10-01 06:51:52.284,casual,5.10795,Midday
2024-10-01 06:47:56.802,2024-10-01 06:54:40.803,member,6.73335,Midday
2024-10-01 06:48:15.367,2024-10-01 06:55:34.457,member,7.3181666666666665,Midday
2024-10-01 06:48:39.829,2024-10-01 06:53:31.612,casual,4.86305,Midday
2024-10-01 06:49:50.229,2024-10-01 06:54:23.855,member,4.560433333333333,Midday
2024-10-01 06:50:27.421,2024-10-01 06:59:26.009,casual,8.976466666666665,Midday
2024-10-01 06:51:06.867,2024-10-01 06:55:25.262,casual,4.306583333333333,Midday
2024-10-01 06:51:40.327,2024-10-01 06:54:28.778,casual,2.8075166666666664,Midday
2024-10-01 06:52:18.132,2024-10-01 06:55:12.204,casual,2.9012000000000002,Midday
2024-10-01 06:52:20.200,2024-10-01 06:58:35.736,member,6.258933333333333,Midday
2024-10-01 06:52:23.755,2024-10-01 07:14:27.229,member,22.0579,Midday
2024-10-01 06:53:01.123,2024-10-01 06:56:59.455,member,3.9722,Midday
2024-10-01 06:53:13.725,2024-10-01 07:04:25.366,member,11.194016666666666,Midday
2024-10-01 06:54:04.256,2024-10-01 06:57:56.012,member,3.8626,Midday
2024-10-01 06:55:10.922,2024-10-01 07:05:14.185,casual,10.054383333333334,Midday
2024-10-01 06:55:29.383,2024-10-01 07:11:59.817,member,16.507233333333332,Midday
2024-10-01 06:59:56.644,2024-10-01 07:11:00.591,member,11.065783333333334,Midday
2024-10-01 07:00:30.852,2024-10-01 07:16:46.930,casual,16.267966666666666,Morning Rush
2024-10-01 07:00:55.712,2024-10-01 07:07:09.048,casual,6.222266666666667,Morning Rush
2024-10-01 07:01:46.533,2024-10-01 07:19:47.671,member,18.018966666666664,Morning Rush
2024-10-01 07:02:41.662,2024-10-01 07:12:14.513,member,9.547516666666667,Morning Rush
2024-10-01 07:02:55.167,2024-10-01 07:06:29.145,member,3.5663,Morning Rush
2024-10-01 07:04:24.719,2024-10-01 07:09:42.894,member,5.3029166666666665,Morning Rush
2024-10-01 07:04:27.186,2024-10-01 07:25:20.807,member,20.893683333333335,Morning Rush
2024-10-01 07:05:19.097,2024-10-01 07:10:42.906,member,5.396816666666667,Morning Rush
2024-10-01 07:06:32.690,2024-10-01 07:10:17.710,member,3.7503333333333333,Morning Rush
2024-10-01 07:06:33.191,2024-10-01 07:25:51.236,member,19.30075,Morning Rush
2024-10-01 07:07:27.143,2024-10-01 07:24:29.625,member,17.041366666666665,Morning Rush
2024-10-01 07:07:31.294,2024-10-01 07:17:12.714,casual,9.690333333333333,Morning Rush
2024-10-01 07:08:03.312,2024-10-01 07:39:33.813,casual,31.50835,Morning Rush
2024-10-01 07:08:18.872,2024-10-01 07:13:04.479,member,4.760116666666667,Morning Rush
2024-10-01 07:08:58.643,2024-10-01 07:15:49.108,member,6.841083333333333,Morning Rush
2024-10-01 07:09:09.154,2024-10-01 07:23:44.790,member,14.593933333333332,Morning Rush
2024-10-01 07:09:18.547,2024-10-01 07:12:04.242,casual,2.7615833333333333,Morning Rush
2024-10-01 07:09:43.795,2024-10-01 07:12:23.839,member,2.6674,Morning Rush
2024-10-01 07:10:03.899,2024-10-01 07:38:11.159,member,28.121,Morning Rush
2024-10-01 07:10:19.951,2024-10-01 07:18:35.816,member,8.264416666666667,Morning Rush
2024-10-01 07:10:34.559,2024-10-01 07:14:57.204,casual,4.377416666666666,Morning Rush
2024-10-01 07:11:25.563,2024-10-01 07:23:31.849,member,12.104766666666666,Morning Rush
2024-10-01 07:12:18.246,2024-10-01 07:22:24.922,member,10.111266666666667,Morning Rush
2024-10-01 07:12:48.071,2024-10-01 07:16:45.696,member,3.9604166666666667,Morning Rush
2024-10-01 07:12:48.106,2024-10-01 07:17:11.580,member,4.391233333333333,Morning Rush
2024-10-01 07:12:49.052,2024-10-01 07:15:48.083,member,2.98385,Morning Rush
2024-10-01 07:14:34.353,2024-10-01 07:26:59.368,member,12.416916666666667,Morning Rush
2024-10-01 07:14:45.672,2024-10-01 07:22:54.508,casual,8.147266666666667,Morning Rush
2024-10-01 07:14:54.775,2024-10-01 07:18:29.492,member,3.578616666666667,Morning Rush
2024-10-01 07:15:03.739,2024-10-01 07:28:33.128,member,13.489816666666666,Morning Rush
2024-10-01 07:15:13.184,2024-10-01 07:36:25.775,casual,21.20985,Morning Rush
2024-10-01 07:15:26.208,2024-10-01 07:30:35.688,casual,15.158,Morning Rush
2024-10-01 07:16:04.093,2024-10-01 07:22:12.925,member,6.1472,Morning Rush
2024-10-01 07:16:06.730,2024-10-01 07:24:31.911,member,8.419683333333333,Morning Rush
2024-10-01 07:17:16.372,2024-10-01 07:29:20.121,member,12.062483333333335,Morning Rush
2024-10-01 07:18:58.388,2024-10-01 07:41:23.316,member,22.415466666666667,Morning Rush
2024-10-01 07:19:02.717,2024-10-01 07:40:54.982,member,21.871083333333335,Morning Rush
2024-10-01 07:19:11.164,2024-10-01 07:25:46.012,member,6.5808,Morning Rush
2024-10-01 07:19:32.933,2024-10-01 07:24:41.399,member,5.1411,Morning Rush
2024-10-01 07:19:41.814,2024-10-01 07:28:38.242,member,8.940466666666667,Morning Rush
2024-10-01 07:21:05.676,2024-10-01 07:28:14.955,member,7.15465,Morning Rush
2024-10-01 07:21:20.711,2024-10-01 07:26:06.407,casual,4.7616000000000005,Morning Rush
2024-10-01 07:21:41.582,2024-10-01 07:36:11.558,member,14.4996,Morning Rush
2024-10-01 07:22:15.185,2024-10-01 07:27:03.648,member,4.807716666666667,Morning Rush
2024-10-01 07:22:27.155,2024-10-01 08:36:11.149,member,73.73323333333333,Morning Rush
2024-10-01 07:24:38.949,2024-10-01 07:28:12.154,casual,3.5534166666666667,Morning Rush
2024-10-01 07:25:04.694,2024-10-01 07:31:33.282,member,6.476466666666667,Morning Rush
2024-10-01 07:25:23.130,2024-10-01 07:27:52.171,member,2.4840166666666668,Morning Rush
2024-10-01 07:25:34.618,2024-10-01 07:33:27.401,member,7.879716666666667,Morning Rush
2024-10-01 07:26:03.431,2024-10-01 07:36:06.769,member,10.055633333333333,Morning Rush
2024-10-01 07:26:04.598,2024-10-01 07:36:06.915,member,10.038616666666666,Morning Rush
2024-10-01 07:26:12.220,2024-10-01 07:40:07.579,member,13.92265,Morning Rush
2024-10-01 07:26:44.376,2024-10-01 07:30:02.542,member,3.3027666666666664,Morning Rush
2024-10-01 07:26:46.536,2024-10-01 07:29:52.719,member,3.10305,Morning Rush
2024-10-01 07:26:48.416,2024-10-01 07:31:47.588,casual,4.9862,Morning Rush
2024-10-01 07:27:29.709,2024-10-01 07:44:44.404,member,17.244916666666665,Morning Rush
2024-10-01 07:27:39.573,2024-10-01 07:35:10.725,member,7.5192,Morning Rush
2024-10-01 07:27:52.463,2024-10-01 07:39:36.823,casual,11.739333333333333,Morning Rush
2024-10-01 07:28:25.736,2024-10-01 07:41:22.182,member,12.940766666666667,Morning Rush
2024-10-01 07:30:18.308,2024-10-01 07:37:28.387,member,7.167983333333334,Morning Rush
2024-10-01 07:30:21.311,2024-10-01 07:46:32.163,member,16.180866666666667,Morning Rush
2024-10-01 07:30:30.215,2024-10-01 07:34:28.388,member,3.96955,Morning Rush
2024-10-01 07:31:10.333,2024-10-01 07:48:50.168,member,17.66391666666667,Morning Rush
2024-10-01 07:31:14.457,2024-10-01 07:41:37.275,member,10.3803,Morning Rush
2024-10-01 07:31:26.732,2024-10-01 07:31:43.195,casual,0.27438333333333337,Morning Rush
2024-10-01 07:31:55.569,2024-10-01 07:39:16.713,member,7.3524,Morning Rush
2024-10-01 07:32:07.744,2024-10-01 07:38:18.867,member,6.185383333333333,Morning Rush
2024-10-01 07:32:32.315,2024-10-01 07:39:00.520,member,6.470083333333333,Morning Rush
2024-10-01 07:32:38.982,2024-10-01 07:41:00.354,member,8.3562,Morning Rush
2024-10-01 07:32:44.352,2024-10-01 07:34:43.755,member,1.99005,Morning Rush
2024-10-01 07:33:21.700,2024-10-01 07:35:49.612,member,2.4652000000000003,Morning Rush
2024-10-01 07:34:09.407,2024-10-01 07:58:19.860,member,24.174216666666666,Morning Rush
2024-10-01 07:34:42.525,2024-10-01 08:01:11.505,member,26.483,Morning Rush
2024-10-01 07:35:11.260,2024-10-01 07:56:37.968,member,21.445133333333334,Morning Rush
2024-10-01 07:35:20.461,2024-10-01 07:42:48.164,member,7.461716666666666,Morning Rush
2024-10-01 07:35:52.981,2024-10-01 07:44:05.405,casual,8.207066666666666,Morning Rush
2024-10-01 07:36:22.334,2024-10-01 07:41:59.337,member,5.616716666666666,Morning Rush
2024-10-01 07:36:33.331,2024-10-01 07:49:46.360,member,13.21715,Morning Rush
2024-10-01 07:36:45.064,2024-10-01 07:46:11.373,member,9.438483333333332,Morning Rush
2024-10-01 07:37:12.820,2024-10-01 07:49:09.163,member,11.93905,Morning Rush
2024-10-01 07:37:35.988,2024-10-01 07:50:21.315,member,12.75545,Morning Rush
2024-10-01 07:38:15.671,2024-10-01 07:45:52.008,member,7.605616666666666,Morning Rush
2024-10-01 07:38:27.405,2024-10-01 07:55:24.704,member,16.954983333333335,Morning Rush
2024-10-01 07:38:45.635,2024-10-01 07:51:37.673,member,12.8673,Morning Rush
2024-10-01 07:39:19.860,2024-10-01 07:43:19.160,casual,3.9883333333333337,Morning Rush
2024-10-01 07:39:59.656,2024-10-01 07:58:02.346,member,18.044833333333333,Morning Rush
2024-10-01 07:40:24.834,2024-10-01 07:47:31.649,member,7.113583333333334,Morning Rush
2024-10-01 07:41:08.624,2024-10-01 07:48:13.594,casual,7.082833333333334,Morning Rush
2024-10-01 07:41:55.982,2024-10-01 08:05:17.725,member,23.362383333333334,Morning Rush
2024-10-01 07:42:17.665,2024-10-01 08:02:16.069,member,19.9734,Morning Rush
2024-10-01 07:42:26.328,2024-10-01 07:52:40.619,member,10.238183333333334,Morning Rush
2024-10-01 07:42:42.125,2024-10-01 07:46:40.336,casual,3.9701833333333334,Morning Rush
2024-10-01 07:43:10.989,2024-10-01 08:03:52.703,member,20.69523333333333,Morning Rush
2024-10-01 07:43:43.894,2024-10-01 07:54:09.540,member,10.427433333333333,Morning Rush
2024-10-01 07:44:37.903,2024-10-01 07:58:02.866,member,13.41605,Morning Rush
2024-10-01 07:44:47.105,2024-10-01 08:03:50.052,casual,19.049116666666666,Morning Rush
2024-10-01 07:44:59.878,2024-10-01 07:49:04.717,member,4.08065,Morning Rush
2024-10-01 07:45:35.770,2024-10-01 07:50:02.023,member,4.43755,Morning Rush
2024-10-01 07:45:36.512,2024-10-01 07:53:17.848,member,7.688933333333334,Morning Rush
2024-10-01 07:45:59.068,2024-10-01 07:59:05.868,member,13.113333333333333,Morning Rush
2024-10-01 07:46:02.617,2024-10-01 07:55:16.475,member,9.230966666666665,Morning Rush
2024-10-01 07:46:12.917,2024-10-01 08:02:37.369,member,16.407533333333333,Morning Rush
2024-10-01 07:46:18.209,2024-10-01 07:58:04.360,member,11.769183333333332,Morning Rush
2024-10-01 07:46:51.841,2024-10-01 07:54:46.441,member,7.91,Morning Rush
2024-10-01 07:48:13.569,2024-10-01 08:00:54.818,member,12.687483333333335,Morning Rush
2024-10-01 07:48:17.652,2024-10-01 07:51:42.418,member,3.4127666666666667,Morning Rush
2024-10-01 07:48:22.828,2024-10-01 08:10:15.294,member,21.874433333333332,Morning Rush
2024-10-01 07:48:32.634,2024-10-01 08:27:17.550,member,38.7486,Morning Rush
2024-10-01 07:48:59.036,2024-10-01 07:59:32.690,member,10.5609,Morning Rush
2024-10-01 07:49:03.127,2024-10-01 08:04:57.742,member,15.91025,Morning Rush
2024-10-01 07:49:03.263,2024-10-01 07:55:37.290,member,6.567116666666666,Morning Rush
2024-10-01 07:49:16.081,2024-10-01 07:57:45.459,member,8.489633333333334,Morning Rush
2024-10-01 07:49:42.427,2024-10-01 07:53:44.334,member,4.031783333333333,Morning Rush
2024-10-01 07:50:20.288,2024-10-01 07:59:39.629,member,9.32235,Morning Rush
2024-10-01 07:50:30.945,2024-10-01 08:20:20.545,member,29.826666666666664,Morning Rush
2024-10-01 07:50:57.235,2024-10-01 07:58:06.621,member,7.156433333333334,Morning Rush
2024-10-01 07:51:07.760,2024-10-01 07:58:34.575,member,7.446916666666667,Morning Rush
2024-10-01 07:51:14.383,2024-10-01 08:05:16.471,member,14.034799999999999,Morning Rush
2024-10-01 07:51:25.679,2024-10-01 08:01:53.813,casual,10.4689,Morning Rush
2024-10-01 07:51:26.917,2024-10-01 07:56:42.263,member,5.255766666666667,Morning Rush
2024-10-01 07:51:48.307,2024-10-01 08:01:42.746,member,9.907316666666667,Morning Rush
2024-10-01 07:52:19.019,2024-10-01 08:22:28.587,member,30.159466666666667,Morning Rush
2024-10-01 07:52:39.629,2024-10-01 07:57:48.142,member,5.141883333333333,Morning Rush
2024-10-01 07:52:43.793,2024-10-01 08:14:52.681,casual,22.14813333333333,Morning Rush
2024-10-01 07:53:22.620,2024-10-01 08:00:23.781,member,7.01935,Morning Rush
2024-10-01 07:54:16.429,2024-10-01 08:05:12.687,member,10.937633333333334,Morning Rush
2024-10-01 07:54:40.423,2024-10-01 08:06:19.442,member,11.650316666666667,Morning Rush
2024-10-01 07:54:40.965,2024-10-01 07:58:50.002,member,4.150616666666667,Morning Rush
2024-10-01 07:54:41.152,2024-10-01 08:03:20.364,member,8.653533333333334,Morning Rush
2024-10-01 07:55:20.259,2024-10-01 08:00:45.081,casual,5.4137,Morning Rush
2024-10-01 07:55:20.822,2024-10-01 08:11:58.256,member,16.6239,Morning Rush
2024-10-01 07:55:30.250,2024-10-01 07:58:01.230,casual,2.5163333333333333,Morning Rush
2024-10-01 07:56:17.454,2024-10-01 08:06:50.799,member,10.55575,Morning Rush
2024-10-01 07:56:20.026,2024-10-01 08:10:29.174,casual,14.152466666666667,Morning Rush
2024-10-01 07:56:20.956,2024-10-01 08:06:15.773,casual,9.913616666666666,Morning Rush
2024-10-01 07:56:57.606,2024-10-01 08:01:08.193,member,4.17645,Morning Rush
2024-10-01 07:57:14.711,2024-10-01 08:00:35.078,member,3.33945,Morning Rush
2024-10-01 07:58:21.010,2024-10-01 08:09:00.063,member,10.650883333333333,Morning Rush
2024-10-01 07:58:30.988,2024-10-01 08:17:22.245,member,18.854283333333335,Morning Rush
2024-10-01 07:58:40.139,2024-10-01 08:00:32.769,member,1.8771666666666667,Morning Rush
2024-10-01 07:59:39.538,2024-10-01 08:09:07.774,member,9.4706,Morning Rush
2024-10-01 08:00:04.096,2024-10-01 08:04:13.856,member,4.1626666666666665,Morning Rush
2024-10-01 08:01:08.592,2024-10-01 08:05:49.091,casual,4.6749833333333335,Morning Rush
2024-10-01 08:01:18.898,2024-10-01 08:12:21.024,member,11.035433333333334,Morning Rush
2024-10-01 08:01:19.201,2024-10-01 08:13:29.168,member,12.166116666666666,Morning Rush
2024-10-01 08:01:24.901,2024-10-01 08:16:14.957,member,14.834266666666668,Morning Rush
2024-10-01 08:01:33.458,2024-10-01 08:23:37.312,member,22.064233333333334,Morning Rush
2024-10-01 08:01:33.914,2024-10-01 08:09:12.156,member,7.637366666666667,Morning Rush
2024-10-01 08:02:27.677,2024-10-01 08:05:56.017,casual,3.4723333333333333,Morning Rush
2024-10-01 08:02:43.541,2024-10-01 08:18:12.201,member,15.477666666666666,Morning Rush
2024-10-01 08:03:00.745,2024-10-01 08:07:52.493,member,4.862466666666666,Morning Rush
2024-10-01 08:03:36.604,2024-10-01 08:10:34.553,casual,6.965816666666667,Morning Rush
2024-10-01 08:03:47.386,2024-10-01 08:07:44.239,casual,3.94755,Morning Rush
2024-10-01 08:04:16.510,2024-10-01 08:09:42.914,member,5.440066666666667,Morning Rush
2024-10-01 08:04:30.005,2024-10-01 08:09:58.796,member,5.47985,Morning Rush
2024-10-01 08:04:31.190,2024-10-01 08:10:35.001,member,6.063516666666667,Morning Rush
2024-10-01 08:05:02.866,2024-10-01 08:20:05.770,casual,15.048399999999999,Morning Rush
2024-10-01 08:05:10.463,2024-10-01 08:12:06.881,member,6.9403,Morning Rush
2024-10-01 08:05:50.581,2024-10-01 08:09:28.270,member,3.6281499999999998,Morning Rush
2024-10-01 08:06:24.376,2024-10-01 08:20:06.830,member,13.707566666666667,Morning Rush
2024-10-01 08:06:25.284,2024-10-01 08:23:01.821,member,16.60895,Morning Rush
2024-10-01 08:07:11.138,2024-10-01 08:13:10.074,member,5.982266666666666,Morning Rush
2024-10-01 08:07:52.951,2024-10-01 08:25:14.627,casual,17.361266666666666,Morning Rush
2024-10-01 08:08:12.633,2024-10-01 08:35:46.206,member,27.55955,Morning Rush
2024-10-01 08:08:35.523,2024-10-01 08:13:51.318,member,5.26325,Morning Rush
2024-10-01 08:08:48.117,2024-10-01 08:20:26.837,member,11.645333333333333,Morning Rush
2024-10-01 08:09:28.563,2024-10-01 08:14:26.509,casual,4.965766666666667,Morning Rush
2024-10-01 08:09:58.299,2024-10-01 08:14:27.938,member,4.493983333333333,Morning Rush
2024-10-01 08:10:15.112,2024-10-01 08:18:36.140,member,8.350466666666668,Morning Rush
2024-10-01 08:10:39.985,2024-10-01 08:13:50.611,casual,3.1771000000000003,Morning Rush
2024-10-01 08:11:50.756,2024-10-01 08:26:25.463,casual,14.57845,Morning Rush
2024-10-01 08:12:29.723,2024-10-01 08:18:04.594,casual,5.581183333333333,Morning Rush
2024-10-01 08:12:31.905,2024-10-01 08:28:40.021,member,16.135266666666666,Morning Rush
2024-10-01 08:12:34.739,2024-10-01 08:21:10.897,casual,8.602633333333333,Morning Rush
2024-10-01 08:12:35.834,2024-10-01 08:27:38.885,member,15.05085,Morning Rush
2024-10-01 08:13:12.933,2024-10-01 08:26:54.646,member,13.695216666666665,Morning Rush
2024-10-01 08:13:31.561,2024-10-01 08:22:42.573,casual,9.183533333333333,Morning Rush
2024-10-01 08:14:33.192,2024-10-01 08:18:55.309,member,4.368616666666667,Morning Rush
2024-10-01 08:14:43.212,2024-10-01 08:19:21.344,member,4.635533333333333,Morning Rush
2024-10-01 08:14:43.326,2024-10-01 08:22:24.548,member,7.687033333333333,Morning Rush
2024-10-01 08:14:59.815,2024-10-01 08:18:50.251,member,3.8406000000000002,Morning Rush
2024-10-01 08:15:01.628,2024-10-01 08:19:32.544,member,4.515266666666666,Morning Rush
2024-10-01 08:15:02.032,2024-10-01 08:22:21.791,casual,7.329316666666667,Morning Rush
2024-10-01 08:15:05.583,2024-10-01 08:24:51.082,member,9.758316666666667,Morning Rush
2024-10-01 08:15:16.103,2024-10-01 08:37:08.014,casual,21.865183333333334,Morning Rush
2024-10-01 08:15:21.108,2024-10-01 08:21:48.165,member,6.450950000000001,Morning Rush
2024-10-01 08:15:26.792,2024-10-01 08:15:36.117,casual,0.15541666666666665,Morning Rush
2024-10-01 08:15:32.984,2024-10-01 08:30:09.148,member,14.602733333333333,Morning Rush
2024-10-01 08:15:48.765,2024-10-01 08:25:22.869,member,9.5684,Morning Rush
2024-10-01 08:16:00.661,2024-10-01 08:18:43.335,casual,2.7112333333333334,Morning Rush
2024-10-01 08:16:12.661,2024-10-01 08:24:02.509,member,7.8308,Morning Rush
2024-10-01 08:17:03.148,2024-10-01 08:31:44.577,member,14.690483333333333,Morning Rush
2024-10-01 08:17:05.858,2024-10-01 08:47:31.762,casual,30.431733333333334,Morning Rush
2024-10-01 08:17:32.019,2024-10-01 08:20:20.902,member,2.814716666666667,Morning Rush
2024-10-01 08:17:40.361,2024-10-01 08:31:11.557,member,13.519933333333334,Morning Rush
2024-10-01 08:18:29.800,2024-10-01 08:26:46.151,casual,8.272516666666666,Morning Rush
2024-10-01 08:18:34.100,2024-10-01 08:18:39.884,member,0.0964,Morning Rush
2024-10-01 08:18:37.055,2024-10-01 08:27:00.895,casual,8.397333333333332,Morning Rush
2024-10-01 08:18:53.018,2024-10-01 08:36:06.028,member,17.216833333333334,Morning Rush
2024-10-01 08:18:58.088,2024-10-01 08:21:18.166,member,2.3346333333333336,Morning Rush
2024-10-01 08:19:10.849,2024-10-01 08:23:46.795,member,4.599100000000001,Morning Rush
2024-10-01 08:19:17.360,2024-10-01 08:44:16.197,member,24.980616666666666,Morning Rush
2024-10-01 08:20:01.013,2024-10-01 08:29:08.058,member,9.117416666666665,Morning Rush
2024-10-01 08:20:29.470,2024-10-01 08:32:28.807,member,11.988949999999999,Morning Rush
2024-10-01 08:20:52.483,2024-10-01 08:35:28.331,member,14.597466666666666,Morning Rush
2024-10-01 08:21:08.648,2024-10-01 08:30:07.077,member,8.973816666666666,Morning Rush
2024-10-01 08:21:27.080,2024-10-01 08:30:38.190,casual,9.185166666666667,Morning Rush
2024-10-01 08:21:39.424,2024-10-01 08:31:13.975,member,9.57585,Morning Rush
2024-10-01 08:22:34.831,2024-10-01 08:31:52.966,member,9.302249999999999,Morning Rush
2024-10-01 08:22:40.290,2024-10-01 08:27:27.236,member,4.7824333333333335,Morning Rush
2024-10-01 08:22:42.682,2024-10-01 08:29:57.642,member,7.249333333333333,Morning Rush
2024-10-01 08:22:51.741,2024-10-01 08:23:14.909,member,0.38613333333333333,Morning Rush
2024-10-01 08:23:28.487,2024-10-01 09:09:36.945,casual,46.14096666666667,Morning Rush
2024-10-01 08:23:40.944,2024-10-01 08:31:18.528,member,7.6264,Morning Rush
2024-10-01 08:23:46.048,2024-10-01 08:38:02.482,member,14.2739,Morning Rush
2024-10-01 08:24:03.406,2024-10-01 08:24:06.555,casual,0.05248333333333333,Morning Rush
2024-10-01 08:24:13.028,2024-10-01 08:35:07.099,member,10.901183333333334,Morning Rush
2024-10-01 08:24:32.723,2024-10-01 08:29:20.030,casual,4.78845,Morning Rush
2024-10-01 08:25:23.248,2024-10-01 08:30:06.635,member,4.723116666666667,Morning Rush
2024-10-01 08:25:24.783,2024-10-01 08:37:11.546,member,11.779383333333334,Morning Rush
2024-10-01 08:25:27.388,2024-10-01 08:31:48.198,member,6.3468333333333335,Morning Rush
2024-10-01 08:26:09.650,2024-10-01 08:31:16.063,member,5.106883333333333,Morning Rush
2024-10-01 08:26:15.665,2024-10-01 08:46:48.473,member,20.5468,Morning Rush
2024-10-01 08:26:39.746,2024-10-01 08:39:58.942,casual,13.319933333333333,Morning Rush
2024-10-01 08:26:46.151,2024-10-01 08:40:42.454,member,13.938383333333332,Morning Rush
2024-10-01 08:26:47.288,2024-10-01 08:34:14.750,member,7.4577,Morning Rush
2024-10-01 08:26:50.938,2024-10-01 08:31:12.980,casual,4.367366666666666,Morning Rush
2024-10-01 08:26:55.193,2024-10-01 08:44:36.176,member,17.683049999999998,Morning Rush
2024-10-01 08:27:37.650,2024-10-01 08:44:39.604,member,17.032566666666664,Morning Rush
2024-10-01 08:27:39.075,2024-10-01 08:57:16.051,member,29.616266666666668,Morning Rush
2024-10-01 08:27:51.482,2024-10-01 08:33:45.518,member,5.9006,Morning Rush
2024-10-01 08:29:54.590,2024-10-01 08:53:59.160,member,24.076166666666666,Morning Rush
2024-10-01 08:29:57.426,2024-10-01 08:46:53.847,casual,16.940350000000002,Morning Rush
2024-10-01 08:29:58.833,2024-10-01 09:16:03.341,member,46.07513333333333,Morning Rush
2024-10-01 08:30:10.778,2024-10-01 08:36:50.924,casual,6.6691,Morning Rush
2024-10-01 08:30:12.240,2024-10-01 08:38:32.472,casual,8.337200000000001,Morning Rush
2024-10-01 08:30:28.166,2024-10-01 08:34:32.835,member,4.077816666666667,Morning Rush
2024-10-01 08:30:32.728,2024-10-01 08:45:01.525,member,14.47995,Morning Rush
2024-10-01 08:30:43.851,2024-10-01 08:34:42.156,member,3.97175,Morning Rush
2024-10-01 08:31:07.147,2024-10-01 08:34:47.135,casual,3.6664666666666665,Morning Rush
2024-10-01 08:32:16.899,2024-10-01 08:36:11.982,member,3.91805,Morning Rush
2024-10-01 08:32:21.358,2024-10-01 08:41:54.964,casual,9.5601,Morning Rush
2024-10-01 08:32:24.120,2024-10-01 08:47:14.136,member,14.833599999999999,Morning Rush
2024-10-01 08:33:49.294,2024-10-01 08:41:07.529,casual,7.303916666666667,Morning Rush
2024-10-01 08:34:33.157,2024-10-01 08:44:08.724,casual,9.592783333333333,Morning Rush
2024-10-01 08:34:50.298,2024-10-01 08:47:32.414,casual,12.701933333333333,Morning Rush
2024-10-01 08:35:00.102,2024-10-01 08:37:08.914,member,2.146866666666667,Morning Rush
2024-10-01 08:35:08.113,2024-10-01 08:48:07.998,member,12.998083333333334,Morning Rush
2024-10-01 08:35:31.644,2024-10-01 08:52:17.637,member,16.766550000000002,Morning Rush
2024-10-01 08:35:50.967,2024-10-01 08:57:00.176,member,21.153483333333334,Morning Rush
2024-10-01 08:35:56.441,2024-10-01 08:38:51.434,member,2.91655,Morning Rush
2024-10-01 08:36:27.614,2024-10-01 08:44:25.141,member,7.958783333333333,Morning Rush
2024-10-01 08:37:16.214,2024-10-01 08:49:37.267,member,12.350883333333334,Morning Rush
2024-10-01 08:37:24.454,2024-10-01 08:40:18.286,member,2.8971999999999998,Morning Rush
2024-10-01 08:37:35.612,2024-10-01 08:44:48.460,member,7.214133333333334,Morning Rush
2024-10-01 08:37:58.379,2024-10-01 08:45:10.263,member,7.198066666666667,Morning Rush
2024-10-01 08:38:03.882,2024-10-01 08:45:45.496,member,7.693566666666666,Morning Rush
2024-10-01 08:39:34.915,2024-10-01 08:49:56.878,casual,10.36605,Morning Rush
2024-10-01 08:40:10.095,2024-10-01 09:03:10.518,member,23.00705,Morning Rush
2024-10-01 08:40:10.775,2024-10-01 08:52:35.695,casual,12.415333333333333,Morning Rush
2024-10-01 08:40:12.501,2024-10-01 08:58:51.289,member,18.646466666666665,Morning Rush
2024-10-01 08:40:17.867,2024-10-01 08:47:06.866,member,6.81665,Morning Rush
2024-10-01 08:40:32.317,2024-10-01 09:01:43.470,member,21.185883333333333,Morning Rush
2024-10-01 08:41:17.043,2024-10-01 08:48:55.522,member,7.6413166666666665,Morning Rush
2024-10-01 08:41:34.934,2024-10-01 08:56:48.267,member,15.222216666666666,Morning Rush
2024-10-01 08:41:39.086,2024-10-01 08:47:40.551,member,6.024416666666666,Morning Rush
2024-10-01 08:42:10.997,2024-10-01 08:43:37.123,member,1.4354333333333333,Morning Rush
2024-10-01 08:42:12.224,2024-10-01 08:48:00.393,casual,5.802816666666667,Morning Rush
2024-10-01 08:42:13.445,2024-10-01 08:51:10.023,casual,8.942966666666667,Morning Rush
2024-10-01 08:42:34.871,2024-10-01 08:48:26.336,casual,5.857749999999999,Morning Rush
2024-10-01 08:42:42.528,2024-10-01 08:49:57.524,member,7.249933333333333,Morning Rush
2024-10-01 08:42:45.165,2024-10-01 08:52:44.980,member,9.996916666666667,Morning Rush
2024-10-01 08:43:17.297,2024-10-01 09:08:47.535,member,25.503966666666667,Morning Rush
2024-10-01 08:43:52.701,2024-10-01 08:49:33.394,member,5.678216666666667,Morning Rush
2024-10-01 08:43:53.311,2024-10-01 08:51:10.787,casual,7.291266666666667,Morning Rush
2024-10-01 08:44:03.856,2024-10-01 08:49:27.170,casual,5.388566666666667,Morning Rush
2024-10-01 08:45:09.690,2024-10-01 08:57:47.484,casual,12.6299,Morning Rush
2024-10-01 08:45:19.993,2024-10-01 09:06:05.845,member,20.764200000000002,Morning Rush
2024-10-01 08:45:56.098,2024-10-01 09:09:40.575,member,23.741283333333335,Morning Rush
2024-10-01 08:46:04.511,2024-10-01 09:02:33.914,member,16.49005,Morning Rush
2024-10-01 08:46:11.704,2024-10-01 09:00:27.298,member,14.2599,Morning Rush
2024-10-01 08:46:35.797,2024-10-01 08:53:44.866,member,7.15115,Morning Rush
2024-10-01 08:46:43.568,2024-10-01 08:50:47.776,casual,4.070133333333334,Morning Rush
2024-10-01 08:47:39.690,2024-10-01 08:55:53.899,member,8.236816666666666,Morning Rush
2024-10-01 08:47:41.597,2024-10-01 08:50:13.859,member,2.5377,Morning Rush
2024-10-01 08:48:04.482,2024-10-01 08:52:17.195,member,4.211883333333334,Morning Rush
2024-10-01 08:48:21.213,2024-10-01 08:52:45.048,member,4.39725,Morning Rush
2024-10-01 08:48:32.147,2024-10-01 08:54:25.820,casual,5.89455,Morning Rush
2024-10-01 08:48:53.691,2024-10-01 08:57:31.276,member,8.626416666666668,Morning Rush
2024-10-01 08:49:05.503,2024-10-01 08:54:05.773,member,5.004499999999999,Morning Rush
2024-10-01 08:49:35.634,2024-10-01 09:02:55.231,member,13.326616666666666,Morning Rush
2024-10-01 08:49:39.828,2024-10-01 08:51:47.444,member,2.126933333333333,Morning Rush
2024-10-01 08:49:48.501,2024-10-01 08:58:06.257,member,8.295933333333332,Morning Rush
2024-10-01 08:49:57.889,2024-10-01 09:02:38.701,member,12.680200000000001,Morning Rush
2024-10-01 08:49:59.082,2024-10-01 09:00:20.763,casual,10.36135,Morning Rush
2024-10-01 08:50:23.275,2024-10-01 08:56:21.872,member,5.976616666666667,Morning Rush
2024-10-01 08:50:25.490,2024-10-01 08:56:21.124,member,5.927233333333334,Morning Rush
2024-10-01 08:50:26.545,2024-10-01 09:02:22.790,member,11.937416666666667,Morning Rush
2024-10-01 08:51:56.308,2024-10-01 09:02:27.629,member,10.522016666666667,Morning Rush
2024-10-01 08:52:30.523,2024-10-01 09:00:23.113,member,7.876499999999999,Morning Rush
2024-10-01 08:52:35.698,2024-10-01 09:07:56.043,member,15.339083333333333,Morning Rush
2024-10-01 08:52:36.797,2024-10-01 08:57:01.790,member,4.41655,Morning Rush
2024-10-01 08:52:55.701,2024-10-01 09:08:55.294,member,15.993216666666665,Morning Rush
2024-10-01 08:52:55.948,2024-10-01 09:01:48.656,member,8.878466666666666,Morning Rush
2024-10-01 08:53:09.371,2024-10-01 09:01:11.427,member,8.034266666666666,Morning Rush
2024-10-01 08:53:26.843,2024-10-01 08:57:02.370,casual,3.5921166666666666,Morning Rush
2024-10-01 08:53:35.885,2024-10-01 08:58:05.788,casual,4.498383333333334,Morning Rush
2024-10-01 08:53:41.609,2024-10-01 08:57:56.607,member,4.2499666666666664,Morning Rush
2024-10-01 08:53:43.230,2024-10-01 09:13:13.017,member,19.49645,Morning Rush
2024-10-01 08:54:53.031,2024-10-01 09:21:17.777,casual,26.412433333333336,Morning Rush
2024-10-01 08:55:09.404,2024-10-01 08:59:53.615,member,4.7368500000000004,Morning Rush
2024-10-01 08:56:22.536,2024-10-01 09:10:25.430,member,14.048233333333334,Morning Rush
2024-10-01 08:56:25.613,2024-10-01 09:06:22.483,member,9.947833333333334,Morning Rush
2024-10-01 08:56:43.718,2024-10-01 09:10:40.757,member,13.95065,Morning Rush
2024-10-01 08:56:46.970,2024-10-01 09:05:25.974,casual,8.650066666666667,Morning Rush
2024-10-01 08:57:04.538,2024-10-01 09:06:01.690,member,8.952533333333333,Morning Rush
2024-10-01 08:57:39.153,2024-10-01 09:01:11.525,member,3.5395333333333334,Morning Rush
2024-10-01 08:57:44.517,2024-10-01 09:09:54.177,member,12.161,Morning Rush
2024-10-01 08:58:13.153,2024-10-01 09:06:51.172,member,8.63365,Morning Rush
2024-10-01 08:58:22.107,2024-10-01 09:03:00.249,casual,4.6357,Morning Rush
2024-10-01 08:58:29.305,2024-10-01 09:08:53.857,member,10.4092,Morning Rush
2024-10-01 08:58:45.888,2024-10-01 09:04:56.560,member,6.1778666666666675,Morning Rush
2024-10-01 08:58:58.514,2024-10-01 09:32:40.342,casual,33.69713333333333,Morning Rush
2024-10-01 08:59:11.927,2024-10-01 09:25:23.060,member,26.18555,Morning Rush
2024-10-01 08:59:13.488,2024-10-01 09:31:09.494,member,31.933433333333333,Morning Rush
2024-10-01 08:59:13.675,2024-10-01 09:01:36.979,member,2.3884,Morning Rush
2024-10-01 08:59:18.884,2024-10-01 09:14:52.280,casual,15.5566,Morning Rush
2024-10-01 08:59:21.086,2024-10-01 09:09:48.176,member,10.451500000000001,Morning Rush
2024-10-01 08:59:40.377,2024-10-01 09:00:36.527,casual,0.9358333333333333,Morning Rush
2024-10-01 08:59:47.467,2024-10-01 09:05:27.071,member,5.660066666666666,Morning Rush
2024-10-01 08:59:57.398,2024-10-01 09:04:08.442,member,4.184066666666667,Morning Rush
2024-10-01 09:00:31.906,2024-10-01 09:05:56.400,member,5.4082333333333334,Morning Rush
2024-10-01 09:00:42.037,2024-10-01 09:05:48.228,member,5.103183333333333,Morning Rush
2024-10-01 09:00:48.097,2024-10-01 09:17:09.375,member,16.354633333333332,Morning Rush
2024-10-01 09:00:57.357,2024-10-01 09:05:43.313,member,4.765933333333334,Morning Rush
2024-10-01 09:01:43.657,2024-10-01 09:12:15.724,member,10.53445,Morning Rush
2024-10-01 09:01:50.841,2024-10-01 09:04:00.277,casual,2.1572666666666667,Morning Rush
2024-10-01 09:02:16.380,2024-10-01 09:05:18.778,member,3.0399666666666665,Morning Rush
2024-10-01 09:02:39.593,2024-10-01 09:12:28.652,casual,9.817649999999999,Morning Rush
2024-10-01 09:03:16.654,2024-10-01 09:09:00.732,member,5.734633333333333,Morning Rush
2024-10-01 09:05:21.893,2024-10-01 09:07:33.334,member,2.1906833333333333,Morning Rush
2024-10-01 09:05:55.386,2024-10-01 09:24:34.556,member,18.652833333333334,Morning Rush
2024-10-01 09:05:59.676,2024-10-01 09:20:24.652,member,14.416266666666667,Morning Rush
2024-10-01 09:06:09.717,2024-10-01 09:14:01.131,casual,7.8568999999999996,Morning Rush
2024-10-01 09:06:15.690,2024-10-01 09:11:21.698,member,5.100133333333333,Morning Rush
2024-10-01 09:08:00.553,2024-10-01 09:14:23.059,member,6.3751,Morning Rush
2024-10-01 09:08:27.354,2024-10-01 09:25:23.793,member,16.940649999999998,Morning Rush
2024-10-01 09:09:16.386,2024-10-01 09:17:51.901,member,8.591916666666666,Morning Rush
2024-10-01 09:12:35.533,2024-10-01 09:21:42.525,member,9.116533333333333,Morning Rush
2024-10-01 09:12:46.503,2024-10-01 09:31:25.033,casual,18.642166666666665,Morning Rush
2024-10-01 09:13:13.809,2024-10-01 09:27:35.945,member,14.368933333333333,Morning Rush
2024-10-01 09:16:45.645,2024-10-01 09:30:12.724,casual,13.451316666666665,Morning Rush
2024-10-01 09:16:47.271,2024-10-01 09:27:56.502,member,11.15385,Morning Rush
2024-10-01 09:17:23.853,2024-10-01 10:01:36.617,casual,44.21273333333333,Morning Rush
2024-10-01 09:18:14.605,2024-10-01 09:26:50.445,member,8.597333333333333,Morning Rush
2024-10-01 09:18:42.434,2024-10-01 09:25:03.493,member,6.350983333333334,Morning Rush
2024-10-01 09:19:05.014,2024-10-01 09:25:02.629,member,5.96025,Morning Rush
2024-10-01 09:20:26.766,2024-10-01 09:24:27.659,casual,4.014883333333334,Morning Rush
2024-10-01 09:21:32.536,2024-10-01 09:43:53.522,member,22.349766666666667,Morning Rush
2024-10-01 09:21:47.731,2024-10-01 09:24:34.304,member,2.776216666666667,Morning Rush
2024-10-01 09:21:53.221,2024-10-01 09:33:38.764,casual,11.75905,Morning Rush
2024-10-01 09:21:58.484,2024-10-01 09:27:40.539,member,5.700916666666667,Morning Rush
2024-10-01 09:22:16.494,2024-10-01 09:26:29.721,member,4.2204500000000005,Morning Rush
2024-10-01 09:23:20.643,2024-10-01 09:35:06.688,member,11.767416666666666,Morning Rush
2024-10-01 09:23:47.657,2024-10-01 09:31:25.146,member,7.624816666666666,Morning Rush
2024-10-01 09:24:10.887,2024-10-01 09:47:21.461,member,23.176233333333336,Morning Rush
2024-10-01 09:24:49.532,2024-10-01 09:32:15.518,member,7.4331,Morning Rush
2024-10-01 09:24:55.265,2024-10-01 09:31:15.934,casual,6.344483333333333,Morning Rush
2024-10-01 09:25:08.329,2024-10-01 09:25:20.674,member,0.20575000000000002,Morning Rush
2024-10-01 09:25:32.489,2024-10-01 09:43:46.593,member,18.23506666666667,Morning Rush
2024-10-01 09:26:39.054,2024-10-01 09:35:29.298,member,8.8374,Morning Rush
2024-10-01 09:27:00.590,2024-10-01 09:33:13.935,member,6.222416666666667,Morning Rush
2024-10-01 09:27:16.095,2024-10-01 09:32:47.316,member,5.52035,Morning Rush
2024-10-01 09:28:33.844,2024-10-01 09:37:33.078,member,8.987233333333334,Morning Rush
2024-10-01 09:28:49.151,2024-10-01 09:28:54.208,casual,0.08428333333333334,Morning Rush
2024-10-01 09:31:48.302,2024-10-01 09:34:19.820,member,2.5253,Morning Rush
2024-10-01 09:32:03.109,2024-10-01 09:37:55.029,member,5.865333333333334,Morning Rush
2024-10-01 09:35:06.954,2024-10-01 09:37:07.159,member,2.003416666666667,Morning Rush
2024-10-01 09:35:36.491,2024-10-01 09:40:19.155,casual,4.7110666666666665,Morning Rush
2024-10-01 09:37:00.307,2024-10-01 09:40:17.733,member,3.290433333333333,Morning Rush
2024-10-01 09:37:43.464,2024-10-01 09:53:54.738,member,16.1879,Morning Rush
2024-10-01 09:37:53.420,2024-10-01 09:44:58.151,member,7.07885,Morning Rush
2024-10-01 09:38:59.059,2024-10-01 09:44:44.533,member,5.7579,Morning Rush
2024-10-01 09:40:31.786,2024-10-01 09:44:03.025,member,3.5206500000000003,Morning Rush
2024-10-01 09:40:33.059,2024-10-01 09:55:24.142,member,14.851383333333333,Morning Rush
2024-10-01 09:44:06.806,2024-10-01 09:52:19.497,member,8.211516666666666,Morning Rush
2024-10-01 09:45:46.100,2024-10-01 09:53:46.318,member,8.003633333333333,Morning Rush
2024-10-01 09:46:23.439,2024-10-01 09:57:11.313,member,10.7979,Morning Rush
2024-10-01 09:46:57.672,2024-10-01 09:48:51.933,member,1.90435,Morning Rush
2024-10-01 09:47:20.572,2024-10-01 09:54:47.050,member,7.4413,Morning Rush
2024-10-01 09:47:45.833,2024-10-01 10:04:32.455,casual,16.777033333333332,Morning Rush
2024-10-01 09:48:04.109,2024-10-01 10:20:43.371,member,32.65436666666667,Morning Rush
2024-10-01 09:48:32.685,2024-10-01 09:55:05.790,member,6.55175,Morning Rush
2024-10-01 09:50:33.870,2024-10-01 09:54:25.379,casual,3.858483333333333,Morning Rush
2024-10-01 09:51:13.474,2024-10-01 10:01:35.362,casual,10.3648,Morning Rush
2024-10-01 09:53:50.640,2024-10-01 10:04:59.786,member,11.152433333333333,Morning Rush
2024-10-01 09:55:42.348,2024-10-01 10:03:58.955,casual,8.276783333333334,Morning Rush
2024-10-01 09:56:46.581,2024-10-01 10:00:34.003,member,3.7903666666666664,Morning Rush
2024-10-01 09:58:12.317,2024-10-01 10:04:47.307,member,6.583166666666667,Morning Rush
2024-10-01 09:59:31.244,2024-10-01 10:05:15.640,casual,5.739933333333334,Morning Rush
2024-10-01 09:59:45.752,2024-10-01 10:04:39.104,member,4.8892,Morning Rush
2024-10-01 10:00:11.648,2024-10-01 10:04:55.967,casual,4.738650000000001,Midday
2024-10-01 10:01:33.337,2024-10-01 10:08:02.029,casual,6.4782,Midday
2024-10-01 10:01:45.929,2024-10-01 10:19:49.378,member,18.057483333333334,Midday
2024-10-01 10:02:19.849,2024-10-01 10:05:59.283,member,3.657233333333333,Midday
2024-10-01 10:03:56.294,2024-10-01 10:11:08.424,member,7.202166666666667,Midday
2024-10-01 10:07:04.542,2024-10-01 10:07:13.673,member,0.15218333333333334,Midday
2024-10-01 10:07:09.004,2024-10-01 10:08:57.502,casual,1.8083,Midday
2024-10-01 10:11:59.103,2024-10-01 10:17:03.762,casual,5.07765,Midday
2024-10-01 10:12:06.423,2024-10-01 10:21:06.432,member,9.00015,Midday
2024-10-01 10:13:17.217,2024-10-01 10:16:08.809,member,2.859866666666667,Midday
2024-10-01 10:13:58.551,2024-10-01 10:20:14.417,member,6.264433333333333,Midday
2024-10-01 10:14:45.836,2024-10-01 10:20:01.847,member,5.266850000000001,Midday
2024-10-01 10:15:28.239,2024-10-01 10:29:16.036,member,13.796616666666667,Midday
2024-10-01 10:15:29.334,2024-10-01 10:23:30.274,member,8.015666666666666,Midday
2024-10-01 10:18:37.937,2024-10-01 10:23:38.567,member,5.0104999999999995,Midday
2024-10-01 10:19:58.151,2024-10-01 10:22:48.072,member,2.8320166666666666,Midday
2024-10-01 10:23:01.389,2024-10-01 10:29:07.303,member,6.098566666666667,Midday
2024-10-01 10:25:43.100,2024-10-01 10:30:07.300,member,4.403333333333333,Midday
2024-10-01 10:27:45.028,2024-10-01 10:42:13.756,member,14.4788,Midday
2024-10-01 10:27:50.729,2024-10-01 10:31:51.415,member,4.011433333333334,Midday
2024-10-01 10:29:58.541,2024-10-01 10:37:15.654,member,7.285216666666667,Midday
2024-10-01 10:30:11.557,2024-10-01 10:39:52.892,casual,9.688916666666668,Midday
2024-10-01 10:32:08.254,2024-10-01 10:38:23.862,casual,6.260133333333333,Midday
2024-10-01 10:32:42.027,2024-10-01 10:40:15.790,casual,7.562716666666666,Midday
2024-10-01 10:33:52.583,2024-10-01 10:38:20.347,member,4.462733333333333,Midday
2024-10-01 10:34:00.585,2024-10-01 10:43:31.528,casual,9.515716666666666,Midday
2024-10-01 10:34:10.527,2024-10-01 10:38:10.743,member,4.0036000000000005,Midday
2024-10-01 10:35:39.927,2024-10-01 10:40:25.326,member,4.75665,Midday
2024-10-01 10:37:05.778,2024-10-01 10:43:34.383,member,6.47675,Midday
2024-10-01 10:37:27.099,2024-10-01 10:44:25.938,casual,6.98065,Midday
2024-10-01 10:37:49.374,2024-10-01 10:44:50.690,member,7.021933333333333,Midday
2024-10-01 10:39:50.892,2024-10-01 10:58:46.830,casual,18.9323,Midday
2024-10-01 10:40:19.635,2024-10-01 10:40:42.774,casual,0.38565,Midday
2024-10-01 10:40:26.119,2024-10-01 10:43:00.817,member,2.5783,Midday
2024-10-01 10:40:59.269,2024-10-01 10:44:54.483,casual,3.9202333333333335,Midday
2024-10-01 10:42:51.530,2024-10-01 10:49:10.713,member,6.319716666666666,Midday
2024-10-01 10:43:24.486,2024-10-01 10:48:36.026,member,5.192333333333334,Midday
2024-10-01 10:44:25.738,2024-10-01 10:48:56.052,member,4.505233333333334,Midday
2024-10-01 10:44:48.464,2024-10-01 10:53:03.131,member,8.244449999999999,Midday
2024-10-01 10:45:13.071,2024-10-01 11:02:00.630,member,16.79265,Midday
2024-10-01 10:45:27.483,2024-10-01 11:15:47.406,casual,30.33205,Midday
2024-10-01 10:45:40.790,2024-10-01 10:55:33.830,member,9.883999999999999,Midday
2024-10-01 10:48:01.363,2024-10-01 10:56:17.450,member,8.268116666666666,Midday
2024-10-01 10:48:54.573,2024-10-01 11:03:08.981,casual,14.240133333333334,Midday
2024-10-01 10:49:07.192,2024-10-01 13:28:16.264,casual,159.1512,Midday
2024-10-01 10:49:55.697,2024-10-01 11:06:27.074,casual,16.522949999999998,Midday
2024-10-01 10:52:34.322,2024-10-01 10:57:23.195,member,4.81455,Midday
2024-10-01 10:53:14.487,2024-10-01 10:59:12.587,member,5.968333333333334,Midday
2024-10-01 10:54:09.346,2024-10-01 11:14:52.035,member,20.711483333333334,Midday
2024-10-01 10:55:26.024,2024-10-01 11:06:12.117,member,10.768216666666666,Midday
2024-10-01 10:55:38.244,2024-10-01 11:01:10.857,member,5.54355,Midday
2024-10-01 10:56:08.140,2024-10-01 10:59:09.877,member,3.02895,Midday
2024-10-01 10:56:53.048,2024-10-01 10:59:26.553,casual,2.5584166666666666,Midday
2024-10-01 10:57:07.453,2024-10-01 11:06:45.356,member,9.631716666666668,Midday
2024-10-01 10:57:36.454,2024-10-01 11:00:29.866,casual,2.8902,Midday
2024-10-01 10:57:59.539,2024-10-01 11:12:25.558,member,14.43365,Midday
2024-10-01 10:58:10.414,2024-10-01 11:03:12.796,member,5.0397,Midday
2024-10-01 10:58:50.917,2024-10-01 11:08:19.400,member,9.474716666666666,Midday
2024-10-01 10:59:10.353,2024-10-01 11:02:10.054,member,2.9950166666666664,Midday
2024-10-01 10:59:56.493,2024-10-01 11:04:32.656,casual,4.602716666666667,Midday
2024-10-01 10:59:58.278,2024-10-01 11:02:19.223,member,2.349083333333333,Midday
2024-10-01 11:02:12.973,2024-10-01 11:05:51.252,member,3.637983333333333,Midday
2024-10-01 11:02:48.707,2024-10-01 11:03:09.743,casual,0.3506,Midday
2024-10-01 11:03:26.597,2024-10-01 11:13:13.132,member,9.775583333333334,Midday
2024-10-01 11:05:32.091,2024-10-01 11:15:30.896,member,9.980083333333333,Midday
2024-10-01 11:06:13.503,2024-10-01 11:45:05.502,casual,38.86665,Midday
2024-10-01 11:06:34.900,2024-10-01 11:16:57.047,member,10.369116666666667,Midday
2024-10-01 11:08:27.511,2024-10-01 11:10:47.993,member,2.3413666666666666,Midday
2024-10-01 11:15:01.457,2024-10-01 11:22:02.961,member,7.025066666666667,Midday
2024-10-01 11:15:18.881,2024-10-01 11:22:26.807,member,7.132099999999999,Midday
2024-10-01 11:15:59.926,2024-10-01 11:26:07.156,casual,10.1205,Midday
2024-10-01 11:17:41.215,2024-10-01 11:56:23.691,member,38.70793333333334,Midday
2024-10-01 11:17:53.566,2024-10-01 11:22:37.685,casual,4.735316666666667,Midday
2024-10-01 11:21:18.949,2024-10-01 11:21:33.243,member,0.23823333333333335,Midday
2024-10-01 11:21:39.327,2024-10-01 11:34:29.664,member,12.83895,Midday
2024-10-01 11:21:57.225,2024-10-01 12:17:15.157,casual,55.29886666666666,Midday
2024-10-01 11:23:04.674,2024-10-01 11:34:32.694,member,11.467,Midday
2024-10-01 11:24:14.340,2024-10-01 11:27:20.322,casual,3.0997,Midday
2024-10-01 11:24:18.189,2024-10-01 11:27:18.429,member,3.004,Midday
2024-10-01 11:25:04.308,2024-10-01 11:30:16.993,member,5.211416666666667,Midday
2024-10-01 11:26:26.546,2024-10-01 11:37:50.559,member,11.400216666666667,Midday
2024-10-01 11:26:45.387,2024-10-01 11:36:37.618,casual,9.870516666666667,Midday
2024-10-01 11:26:47.485,2024-10-01 11:41:51.623,member,15.068966666666666,Midday
2024-10-01 11:27:58.588,2024-10-01 11:39:00.142,casual,11.0259,Midday
2024-10-01 11:30:38.491,2024-10-01 11:32:48.356,member,2.164416666666667,Midday
2024-10-01 11:31:06.878,2024-10-01 11:51:12.916,casual,20.100633333333334,Midday
2024-10-01 11:31:14.228,2024-10-01 11:34:58.559,casual,3.73885,Midday
2024-10-01 11:31:38.896,2024-10-01 11:36:42.990,member,5.068233333333334,Midday
2024-10-01 11:33:00.921,2024-10-01 11:38:52.886,member,5.866083333333333,Midday
2024-10-01 11:35:26.771,2024-10-01 11:42:11.209,member,6.740633333333333,Midday
2024-10-01 11:35:30.154,2024-10-01 11:54:51.463,member,19.35515,Midday
2024-10-01 11:36:30.038,2024-10-01 11:39:59.876,casual,3.4973,Midday
2024-10-01 11:36:34.578,2024-10-01 11:40:47.039,casual,4.207683333333334,Midday
2024-10-01 11:36:49.467,2024-10-01 12:30:28.931,member,53.65773333333333,Midday
2024-10-01 11:38:05.772,2024-10-01 11:46:23.016,member,8.2874,Midday
2024-10-01 11:38:43.458,2024-10-01 11:50:53.805,member,12.17245,Midday
2024-10-01 11:39:50.449,2024-10-01 11:45:46.292,member,5.930716666666667,Midday
2024-10-01 11:40:04.986,2024-10-01 11:43:19.923,member,3.2489500000000002,Midday
2024-10-01 11:40:54.783,2024-10-01 11:48:35.444,member,7.677683333333333,Midday
2024-10-01 11:41:52.965,2024-10-01 11:45:36.872,casual,3.7317833333333335,Midday
2024-10-01 11:44:24.588,2024-10-01 11:49:12.373,member,4.796416666666667,Midday
2024-10-01 11:44:51.397,2024-10-01 11:52:03.361,member,7.1994,Midday
2024-10-01 11:45:00.660,2024-10-01 11:54:00.637,casual,8.999616666666666,Midday
2024-10-01 11:45:35.924,2024-10-01 11:49:20.061,member,3.7356166666666666,Midday
2024-10-01 11:47:20.041,2024-10-01 11:48:38.794,member,1.31255,Midday
2024-10-01 11:47:57.087,2024-10-01 12:00:19.454,member,12.372783333333333,Midday
2024-10-01 11:49:02.018,2024-10-01 11:55:41.733,member,6.6619166666666665,Midday
2024-10-01 11:50:01.744,2024-10-01 12:02:11.651,member,12.165116666666668,Midday
2024-10-01 11:50:13.024,2024-10-01 11:50:26.206,member,0.2197,Midday
2024-10-01 11:50:51.137,2024-10-01 12:37:32.853,casual,46.69526666666666,Midday
2024-10-01 11:51:05.111,2024-10-01 12:06:02.875,member,14.962733333333334,Midday
2024-10-01 11:51:11.956,2024-10-01 11:56:14.387,member,5.040516666666666,Midday
2024-10-01 11:52:18.524,2024-10-01 12:03:34.799,member,11.27125,Midday
2024-10-01 11:52:35.344,2024-10-01 11:55:51.348,member,3.2667333333333333,Midday
2024-10-01 11:52:50.620,2024-10-01 12:33:25.821,member,40.58668333333333,Midday
2024-10-01 11:53:41.288,2024-10-01 11:57:56.501,member,4.25355,Midday
2024-10-01 11:54:11.548,2024-10-01 11:57:14.584,member,3.0506,Midday
2024-10-01 11:57:27.443,2024-10-01 11:59:33.199,member,2.0959333333333334,Midday
2024-10-01 11:58:31.209,2024-10-01 12:07:41.480,member,9.171183333333333,Midday
2024-10-01 12:01:14.480,2024-10-01 12:13:11.800,member,11.955333333333334,Midday
2024-10-01 12:01:39.466,2024-10-01 12:03:52.646,casual,2.219666666666667,Midday
2024-10-01 12:01:40.197,2024-10-01 12:02:09.103,member,0.4817666666666666,Midday
2024-10-01 12:02:17.268,2024-10-01 12:04:50.665,member,2.5566166666666663,Midday
2024-10-01 12:02:38.787,2024-10-01 12:11:21.005,member,8.703633333333332,Midday
2024-10-01 12:03:23.251,2024-10-01 12:13:04.343,member,9.684866666666666,Midday
2024-10-01 12:03:38.667,2024-10-01 12:12:19.697,casual,8.683833333333332,Midday
2024-10-01 12:04:05.647,2024-10-01 12:25:32.018,member,21.43951666666667,Midday
2024-10-01 12:04:34.364,2024-10-01 12:07:00.025,member,2.4276833333333334,Midday
2024-10-01 12:04:37.832,2024-10-01 12:12:21.298,casual,7.724433333333334,Midday
2024-10-01 12:07:59.179,2024-10-01 12:14:41.308,casual,6.7021500000000005,Midday
2024-10-01 12:08:02.113,2024-10-01 12:46:35.508,member,38.556583333333336,Midday
2024-10-01 12:08:29.056,2024-10-01 12:28:21.228,member,19.869533333333333,Midday
2024-10-01 12:10:23.860,2024-10-01 12:14:53.133,member,4.4878833333333334,Midday
2024-10-01 12:10:59.488,2024-10-01 12:12:36.518,member,1.6171666666666666,Midday
2024-10-01 12:12:03.087,2024-10-01 12:16:41.831,member,4.645733333333334,Midday
2024-10-01 12:12:25.248,2024-10-01 12:24:15.399,member,11.835849999999999,Midday
2024-10-01 12:12:55.324,2024-10-01 12:18:56.254,member,6.0155,Midday
2024-10-01 12:14:17.937,2024-10-01 12:18:13.217,casual,3.9213333333333336,Midday
2024-10-01 12:15:41.584,2024-10-01 12:35:47.756,member,20.102866666666667,Midday
2024-10-01 12:15:41.832,2024-10-01 12:19:34.701,member,3.88115,Midday
2024-10-01 12:16:51.531,2024-10-01 12:49:22.934,casual,32.523383333333335,Midday
2024-10-01 12:16:52.928,2024-10-01 12:23:18.033,casual,6.418416666666667,Midday
2024-10-01 12:17:41.981,2024-10-01 12:23:53.558,member,6.19295,Midday
2024-10-01 12:19:17.415,2024-10-01 12:38:40.537,casual,19.385366666666666,Midday
2024-10-01 12:19:27.112,2024-10-01 12:38:22.350,casual,18.920633333333335,Midday
2024-10-01 12:19:39.975,2024-10-01 12:24:18.540,member,4.64275,Midday
2024-10-01 12:20:28.916,2024-10-01 12:47:06.412,member,26.624933333333335,Midday
2024-10-01 12:20:31.032,2024-10-01 12:42:01.255,member,21.503716666666666,Midday
2024-10-01 12:20:38.100,2024-10-01 12:25:01.501,member,4.390016666666667,Midday
2024-10-01 12:20:52.812,2024-10-01 12:31:54.205,member,11.023216666666666,Midday
2024-10-01 12:21:59.800,2024-10-01 12:32:08.777,casual,10.149616666666667,Midday
2024-10-01 12:22:34.071,2024-10-01 12:26:52.127,member,4.300933333333333,Midday
2024-10-01 12:24:26.760,2024-10-01 12:37:54.482,member,13.462033333333332,Midday
2024-10-01 12:24:43.783,2024-10-01 12:30:13.716,member,5.498883333333334,Midday
2024-10-01 12:25:23.997,2024-10-01 12:28:56.949,member,3.5492,Midday
2024-10-01 12:25:55.928,2024-10-01 12:33:49.249,casual,7.888683333333334,Midday
2024-10-01 12:26:11.016,2024-10-01 12:36:26.678,member,10.261033333333334,Midday
2024-10-01 12:26:38.510,2024-10-01 12:31:43.568,casual,5.0843,Midday
2024-10-01 12:26:51.960,2024-10-01 12:31:07.805,member,4.264083333333334,Midday
2024-10-01 12:27:06.959,2024-10-01 12:35:47.462,member,8.67505,Midday
2024-10-01 12:27:16.878,2024-10-01 12:46:37.215,casual,19.33895,Midday
2024-10-01 12:27:20.212,2024-10-01 12:38:30.531,member,11.171983333333333,Midday
2024-10-01 12:28:35.533,2024-10-01 12:34:06.931,casual,5.523300000000001,Midday
2024-10-01 12:28:57.719,2024-10-01 12:39:21.975,member,10.404266666666667,Midday
2024-10-01 12:29:18.497,2024-10-01 12:32:29.418,casual,3.1820166666666667,Midday
2024-10-01 12:29:28.122,2024-10-01 12:35:12.003,member,5.73135,Midday
2024-10-01 12:31:21.034,2024-10-01 12:34:09.715,member,2.81135,Midday
2024-10-01 12:32:38.175,2024-10-01 12:36:51.488,member,4.221883333333333,Midday
2024-10-01 12:32:58.716,2024-10-01 12:48:51.567,member,15.88085,Midday
2024-10-01 12:33:05.949,2024-10-01 12:59:56.219,member,26.837833333333332,Midday
2024-10-01 12:33:41.104,2024-10-01 12:38:28.565,member,4.791016666666667,Midday
2024-10-01 12:33:55.337,2024-10-01 12:38:18.484,member,4.385783333333333,Midday
2024-10-01 12:35:40.853,2024-10-01 12:41:32.622,member,5.862816666666666,Midday
2024-10-01 12:36:13.969,2024-10-01 12:45:37.767,member,9.396633333333334,Midday
2024-10-01 12:37:29.795,2024-10-01 12:39:30.918,casual,2.0187166666666667,Midday
2024-10-01 12:37:33.684,2024-10-01 12:39:53.048,member,2.3227333333333333,Midday
2024-10-01 12:38:09.893,2024-10-01 12:57:52.964,member,19.71785,Midday
2024-10-01 12:38:12.358,2024-10-01 12:44:13.674,member,6.021933333333333,Midday
2024-10-01 12:40:37.122,2024-10-01 12:43:51.485,member,3.2393833333333335,Midday
2024-10-01 12:42:45.011,2024-10-01 12:47:27.154,casual,4.702383333333333,Midday
2024-10-01 12:42:52.099,2024-10-01 13:01:10.263,casual,18.302733333333332,Midday
2024-10-01 12:43:38.366,2024-10-01 12:50:50.720,member,7.2059,Midday
2024-10-01 12:44:09.781,2024-10-01 12:46:55.662,member,2.764683333333333,Midday
2024-10-01 12:45:26.330,2024-10-01 13:07:55.431,casual,22.48501666666667,Midday
2024-10-01 12:46:12.208,2024-10-01 12:50:17.482,member,4.0879,Midday
2024-10-01 12:47:02.293,2024-10-01 12:55:31.073,casual,8.479666666666667,Midday
2024-10-01 12:48:38.052,2024-10-01 12:50:58.670,member,2.3436333333333335,Midday
2024-10-01 12:48:51.344,2024-10-01 12:57:37.007,casual,8.761050000000001,Midday
2024-10-01 12:49:56.658,2024-10-01 13:00:57.854,casual,11.019933333333334,Midday
2024-10-01 12:50:04.662,2024-10-01 12:52:42.229,member,2.626116666666667,Midday
2024-10-01 12:51:33.140,2024-10-01 12:56:28.790,casual,4.927499999999999,Midday
2024-10-01 12:53:26.518,2024-10-01 12:56:00.402,member,2.5647333333333333,Midday
2024-10-01 12:55:10.466,2024-10-01 13:00:58.058,member,5.7932,Midday
2024-10-01 12:56:28.605,2024-10-01 13:12:12.820,member,15.736916666666668,Midday
2024-10-01 12:58:05.928,2024-10-01 13:02:17.427,member,4.19165,Midday
2024-10-01 12:59:17.188,2024-10-01 13:13:23.317,member,14.10215,Midday
2024-10-01 13:00:40.815,2024-10-01 13:06:36.889,casual,5.934566666666667,Midday
2024-10-01 13:02:05.926,2024-10-01 13:08:58.349,member,6.873716666666667,Midday
2024-10-01 13:02:10.429,2024-10-01 13:12:32.411,member,10.366366666666666,Midday
2024-10-01 13:02:16.432,2024-10-01 13:14:15.818,member,11.989766666666666,Midday
2024-10-01 13:02:25.274,2024-10-01 13:21:56.816,member,19.525699999999997,Midday
2024-10-01 13:02:41.700,2024-10-01 13:19:31.266,member,16.8261,Midday
2024-10-01 13:03:05.924,2024-10-01 15:24:06.138,casual,141.00356666666667,Midday
2024-10-01 13:03:31.607,2024-10-01 13:09:26.474,member,5.91445,Midday
2024-10-01 13:03:37.609,2024-10-01 13:16:04.646,member,12.450616666666667,Midday
2024-10-01 13:03:57.170,2024-10-01 13:06:28.261,member,2.5181833333333334,Midday
2024-10-01 13:04:23.764,2024-10-01 13:07:49.708,casual,3.4324,Midday
2024-10-01 13:06:10.781,2024-10-01 14:09:52.398,casual,63.69361666666667,Midday
2024-10-01 13:07:10.913,2024-10-01 13:12:27.033,casual,5.268666666666666,Midday
2024-10-01 13:07:55.258,2024-10-01 13:15:20.206,casual,7.4158,Midday
2024-10-01 13:09:21.182,2024-10-01 13:20:08.575,member,10.789883333333334,Midday
2024-10-01 13:09:31.038,2024-10-01 13:34:55.296,member,25.4043,Midday
2024-10-01 13:09:33.147,2024-10-01 13:15:35.924,member,6.046283333333333,Midday
2024-10-01 13:09:57.717,2024-10-01 13:21:13.219,member,11.258366666666666,Midday
2024-10-01 13:11:41.022,2024-10-01 13:33:02.784,casual,21.3627,Midday
2024-10-01 13:13:01.905,2024-10-01 13:25:46.679,casual,12.746233333333333,Midday
2024-10-01 13:14:18.487,2024-10-01 13:21:27.974,member,7.158116666666667,Midday
2024-10-01 13:17:07.997,2024-10-01 13:25:04.097,casual,7.9350000000000005,Midday
2024-10-01 13:18:03.572,2024-10-01 13:22:03.738,member,4.002766666666667,Midday
2024-10-01 13:19:16.141,2024-10-01 13:28:12.018,member,8.931283333333333,Midday
2024-10-01 13:20:49.665,2024-10-01 13:26:03.566,member,5.231683333333334,Midday
2024-10-01 13:21:14.857,2024-10-01 13:37:45.519,member,16.511033333333334,Midday
2024-10-01 13:22:32.216,2024-10-01 13:31:56.970,member,9.412566666666667,Midday
2024-10-01 13:23:22.844,2024-10-01 13:29:16.536,member,5.894866666666667,Midday
2024-10-01 13:23:23.426,2024-10-01 13:24:15.101,casual,0.86125,Midday
2024-10-01 13:23:25.668,2024-10-01 13:41:52.014,casual,18.4391,Midday
2024-10-01 13:23:37.608,2024-10-01 13:35:18.651,member,11.684050000000001,Midday
2024-10-01 13:24:07.561,2024-10-01 13:28:06.033,member,3.9745333333333335,Midday
2024-10-01 13:24:44.931,2024-10-01 14:17:00.820,casual,52.26481666666667,Midday
2024-10-01 13:25:21.014,2024-10-01 13:34:27.515,casual,9.10835,Midday
2024-10-01 13:26:19.861,2024-10-01 13:26:41.897,member,0.3672666666666667,Midday
2024-10-01 13:26:33.299,2024-10-01 13:30:20.774,member,3.79125,Midday
2024-10-01 13:27:47.731,2024-10-01 13:51:43.958,member,23.937116666666668,Midday
2024-10-01 13:28:12.441,2024-10-01 13:36:22.695,casual,8.1709,Midday
2024-10-01 13:28:59.269,2024-10-01 13:33:29.991,member,4.512033333333333,Midday
2024-10-01 13:29:27.072,2024-10-01 13:53:21.753,member,23.911350000000002,Midday
2024-10-01 13:30:41.662,2024-10-01 13:36:03.348,casual,5.361433333333333,Midday
2024-10-01 13:32:32.504,2024-10-01 13:41:54.383,member,9.364650000000001,Midday
2024-10-01 13:33:26.674,2024-10-01 13:37:06.000,casual,3.6554333333333333,Midday
2024-10-01 13:33:32.308,2024-10-01 13:42:41.493,member,9.153083333333333,Midday
2024-10-01 13:34:02.823,2024-10-01 13:38:02.607,casual,3.9964,Midday
2024-10-01 13:34:59.564,2024-10-01 13:42:57.625,member,7.967683333333333,Midday
2024-10-01 13:35:35.309,2024-10-01 13:41:46.203,casual,6.181566666666667,Midday
2024-10-01 13:35:53.645,2024-10-01 13:46:06.630,casual,10.216416666666667,Midday
2024-10-01 13:36:36.029,2024-10-01 13:41:52.835,member,5.2801,Midday
2024-10-01 13:38:48.636,2024-10-01 13:43:57.655,member,5.150316666666667,Midday
2024-10-01 13:39:17.775,2024-10-01 13:49:34.282,member,10.275116666666666,Midday
2024-10-01 13:41:24.070,2024-10-01 13:43:20.123,casual,1.9342166666666667,Midday
2024-10-01 13:42:34.136,2024-10-01 13:56:42.812,member,14.1446,Midday
2024-10-01 13:42:57.069,2024-10-01 13:57:24.745,member,14.461266666666667,Midday
2024-10-01 13:43:18.992,2024-10-01 13:55:02.611,member,11.726983333333333,Midday
2024-10-01 13:43:25.107,2024-10-01 13:57:19.573,member,13.907766666666667,Midday
2024-10-01 13:44:08.288,2024-10-01 13:48:01.529,casual,3.88735,Midday
2024-10-01 13:44:33.448,2024-10-01 14:04:42.707,member,20.154316666666666,Midday
2024-10-01 13:45:21.135,2024-10-01 13:51:30.878,member,6.1623833333333335,Midday
2024-10-01 13:45:34.772,2024-10-01 13:50:52.454,casual,5.294700000000001,Midday
2024-10-01 13:45:39.537,2024-10-01 13:50:25.514,member,4.766283333333333,Midday
2024-10-01 13:46:32.917,2024-10-01 13:56:58.513,casual,10.4266,Midday
2024-10-01 13:47:30.493,2024-10-01 13:47:42.345,member,0.19753333333333334,Midday
2024-10-01 13:48:01.429,2024-10-01 14:02:18.876,casual,14.290783333333334,Midday
2024-10-01 13:48:31.741,2024-10-01 13:53:22.887,member,4.852433333333334,Midday
2024-10-01 13:48:35.380,2024-10-01 13:55:13.819,member,6.64065,Midday
2024-10-01 13:50:13.012,2024-10-01 14:06:13.269,member,16.004283333333333,Midday
2024-10-01 13:50:58.243,2024-10-01 13:52:55.356,member,1.9518833333333334,Midday
2024-10-01 13:51:13.117,2024-10-01 13:57:32.445,member,6.3221333333333325,Midday
2024-10-01 13:51:34.616,2024-10-01 14:10:48.962,member,19.2391,Midday
2024-10-01 13:51:55.892,2024-10-01 13:55:42.462,member,3.7761666666666667,Midday
2024-10-01 13:52:01.457,2024-10-01 14:07:16.218,member,15.246016666666666,Midday
2024-10-01 13:52:16.783,2024-10-01 13:55:53.398,member,3.61025,Midday
2024-10-01 13:52:20.023,2024-10-01 14:10:36.287,member,18.271066666666666,Midday
2024-10-01 13:54:47.889,2024-10-01 14:06:30.141,casual,11.704199999999998,Midday
2024-10-01 13:55:16.472,2024-10-01 13:59:29.039,member,4.20945,Midday
2024-10-01 13:55:56.416,2024-10-01 14:02:38.161,member,6.69575,Midday
2024-10-01 13:58:04.222,2024-10-01 14:00:50.547,casual,2.7720833333333332,Midday
2024-10-01 13:58:24.847,2024-10-01 14:03:17.041,member,4.8699,Midday
2024-10-01 13:59:47.466,2024-10-01 14:12:46.015,member,12.975816666666667,Midday
2024-10-01 14:00:24.272,2024-10-01 14:04:49.612,member,4.422333333333333,Midday
2024-10-01 14:01:00.049,2024-10-01 14:08:19.944,member,7.331583333333333,Midday
2024-10-01 14:02:09.856,2024-10-01 14:09:32.123,member,7.3711166666666665,Midday
2024-10-01 14:02:47.679,2024-10-01 14:19:03.765,member,16.2681,Midday
2024-10-01 14:04:41.214,2024-10-01 14:31:38.359,member,26.952416666666668,Midday
2024-10-01 14:04:51.456,2024-10-01 14:08:59.578,member,4.135366666666667,Midday
2024-10-01 14:05:22.952,2024-10-01 14:16:16.031,member,10.884649999999999,Midday
2024-10-01 14:06:16.055,2024-10-01 14:10:34.428,member,4.306216666666667,Midday
2024-10-01 14:07:14.773,2024-10-01 14:13:48.765,member,6.566533333333334,Midday
2024-10-01 14:07:25.998,2024-10-01 14:11:01.331,casual,3.5888833333333334,Midday
2024-10-01 14:08:20.364,2024-10-01 14:13:49.064,casual,5.4783333333333335,Midday
2024-10-01 14:08:35.884,2024-10-01 14:23:31.527,member,14.927383333333333,Midday
2024-10-01 14:08:44.338,2024-10-01 14:11:39.361,member,2.91705,Midday
2024-10-01 14:09:48.658,2024-10-01 14:20:54.062,member,11.090066666666667,Midday
2024-10-01 14:10:36.475,2024-10-01 14:20:32.148,member,9.927883333333334,Midday
2024-10-01 14:11:29.486,2024-10-01 14:23:27.268,casual,11.963033333333334,Midday
2024-10-01 14:11:50.527,2024-10-01 14:15:25.586,casual,3.5843166666666666,Midday
2024-10-01 14:12:13.437,2024-10-01 14:24:14.397,casual,12.016,Midday
2024-10-01 14:12:58.461,2024-10-01 14:33:40.771,member,20.705166666666667,Midday
2024-10-01 14:14:12.276,2024-10-01 14:14:29.837,member,0.29268333333333335,Midday
2024-10-01 14:14:38.418,2024-10-01 14:30:49.317,casual,16.18165,Midday
2024-10-01 14:14:52.748,2024-10-01 14:19:58.817,member,5.1011500000000005,Midday
2024-10-01 14:15:14.298,2024-10-01 14:31:54.091,member,16.663216666666667,Midday
2024-10-01 14:15:14.639,2024-10-01 14:35:53.863,member,20.65373333333333,Midday
2024-10-01 14:16:06.229,2024-10-01 14:57:28.368,casual,41.36898333333333,Midday
2024-10-01 14:16:35.769,2024-10-01 14:20:13.576,member,3.6301166666666664,Midday
2024-10-01 14:16:49.886,2024-10-01 14:19:48.320,casual,2.9739,Midday
2024-10-01 14:17:03.852,2024-10-01 14:20:48.435,member,3.7430499999999998,Midday
2024-10-01 14:17:15.062,2024-10-01 14:26:41.303,member,9.43735,Midday
2024-10-01 14:18:09.144,2024-10-01 14:20:11.828,member,2.0447333333333333,Midday
2024-10-01 14:19:28.831,2024-10-01 14:29:24.935,member,9.935066666666668,Midday
2024-10-01 14:19:57.786,2024-10-01 14:24:09.041,member,4.187583333333333,Midday
2024-10-01 14:21:41.073,2024-10-01 14:24:53.705,member,3.2105333333333332,Midday
2024-10-01 14:22:20.568,2024-10-01 14:29:22.197,member,7.027150000000001,Midday
2024-10-01 14:22:29.371,2024-10-01 14:35:39.924,member,13.175883333333333,Midday
2024-10-01 14:23:02.660,2024-10-01 14:23:15.878,member,0.2203,Midday
2024-10-01 14:24:13.977,2024-10-01 14:26:42.317,member,2.4723333333333333,Midday
2024-10-01 14:26:32.075,2024-10-01 14:31:51.216,member,5.319016666666667,Midday
2024-10-01 14:28:08.505,2024-10-01 14:45:36.548,member,17.46738333333333,Midday
2024-10-01 14:28:18.798,2024-10-01 14:31:30.273,member,3.1912499999999997,Midday
2024-10-01 14:29:03.383,2024-10-01 14:43:54.972,member,14.859816666666667,Midday
2024-10-01 14:29:37.747,2024-10-01 14:38:26.934,casual,8.819783333333334,Midday
2024-10-01 14:30:01.719,2024-10-01 14:40:07.318,casual,10.093316666666668,Midday
2024-10-01 14:31:53.765,2024-10-01 14:51:33.516,member,19.662516666666665,Midday
2024-10-01 14:32:22.487,2024-10-01 14:55:58.062,casual,23.592916666666667,Midday
2024-10-01 14:32:45.495,2024-10-01 14:41:36.200,member,8.845083333333333,Midday
2024-10-01 14:33:15.963,2024-10-01 14:43:55.772,member,10.663483333333334,Midday
2024-10-01 14:33:32.996,2024-10-01 14:46:32.832,member,12.997266666666667,Midday
2024-10-01 14:35:56.211,2024-10-01 14:43:07.919,casual,7.195133333333334,Midday
2024-10-01 14:36:38.828,2024-10-01 15:14:54.967,member,38.26898333333334,Midday
2024-10-01 14:36:47.755,2024-10-01 14:44:43.907,casual,7.935866666666667,Midday
2024-10-01 14:37:45.406,2024-10-01 14:43:32.743,member,5.78895,Midday
2024-10-01 14:37:56.051,2024-10-01 14:46:01.744,member,8.094883333333334,Midday
2024-10-01 14:38:38.756,2024-10-01 16:06:06.872,casual,87.4686,Midday
2024-10-01 14:38:39.600,2024-10-01 14:48:02.109,member,9.37515,Midday
2024-10-01 14:38:51.838,2024-10-01 14:39:06.750,member,0.24853333333333336,Midday
2024-10-01 14:39:18.456,2024-10-01 14:43:09.972,casual,3.8586,Midday
2024-10-01 14:40:33.387,2024-10-01 14:42:21.480,member,1.80155,Midday
2024-10-01 14:40:54.780,2024-10-01 15:36:28.908,casual,55.5688,Midday
2024-10-01 14:41:11.213,2024-10-01 14:48:15.235,casual,7.067033333333333,Midday
2024-10-01 14:42:25.124,2024-10-01 14:48:35.713,member,6.1764833333333335,Midday
2024-10-01 14:43:04.553,2024-10-01 14:45:32.000,member,2.45745,Midday
2024-10-01 14:43:10.501,2024-10-01 14:43:12.393,casual,0.03153333333333333,Midday
2024-10-01 14:43:30.979,2024-10-01 14:45:07.099,member,1.602,Midday
2024-10-01 14:43:51.395,2024-10-01 14:50:08.901,member,6.291766666666666,Midday
2024-10-01 14:44:02.038,2024-10-01 14:52:12.659,member,8.177016666666667,Midday
2024-10-01 14:44:46.687,2024-10-01 15:01:46.871,member,17.003066666666665,Midday
2024-10-01 14:45:09.637,2024-10-01 15:35:01.527,casual,49.86483333333333,Midday
2024-10-01 14:48:23.648,2024-10-01 15:02:00.765,member,13.618616666666666,Midday
2024-10-01 14:49:04.180,2024-10-01 15:04:12.157,member,15.13295,Midday
2024-10-01 14:49:47.158,2024-10-01 15:02:06.019,casual,12.31435,Midday
2024-10-01 14:49:56.290,2024-10-01 14:59:42.677,member,9.773116666666665,Midday
2024-10-01 14:50:33.007,2024-10-01 15:06:09.074,member,15.601116666666666,Midday
2024-10-01 14:50:38.731,2024-10-01 14:58:07.992,casual,7.487683333333334,Midday
2024-10-01 14:51:20.592,2024-10-01 14:57:15.008,casual,5.906933333333333,Midday
2024-10-01 14:53:14.310,2024-10-01 15:03:40.655,casual,10.439083333333334,Midday
2024-10-01 14:53:16.727,2024-10-01 15:02:48.019,member,9.521533333333334,Midday
2024-10-01 14:54:44.387,2024-10-01 15:13:38.693,casual,18.9051,Midday
2024-10-01 14:58:34.316,2024-10-01 15:04:15.957,member,5.694016666666667,Midday
2024-10-01 15:01:16.740,2024-10-01 15:11:59.271,member,10.70885,Midday
2024-10-01 15:02:07.045,2024-10-01 15:14:30.247,casual,12.3867,Midday
2024-10-01 15:02:22.702,2024-10-01 15:09:57.179,member,7.5746166666666666,Midday
2024-10-01 15:02:26.544,2024-10-01 15:14:32.886,member,12.1057,Midday
2024-10-01 15:02:41.816,2024-10-01 15:06:24.935,member,3.71865,Midday
2024-10-01 15:04:19.026,2024-10-01 15:14:08.501,member,9.824583333333333,Midday
2024-10-01 15:04:24.763,2024-10-01 15:08:53.002,member,4.47065,Midday
2024-10-01 15:05:12.849,2024-10-01 15:16:49.978,member,11.618816666666667,Midday
2024-10-01 15:05:19.411,2024-10-01 15:13:51.940,member,8.54215,Midday
2024-10-01 15:05:39.484,2024-10-01 15:11:14.497,member,5.58355,Midday
2024-10-01 15:08:21.476,2024-10-01 15:18:21.571,member,10.001583333333334,Midday
2024-10-01 15:08:32.174,2024-10-01 15:12:03.437,member,3.5210500000000002,Midday
2024-10-01 15:08:38.589,2024-10-01 15:12:59.650,member,4.351016666666666,Midday
2024-10-01 15:08:55.435,2024-10-01 15:16:08.843,casual,7.223466666666667,Midday
2024-10-01 15:09:09.629,2024-10-01 15:14:06.540,casual,4.9485166666666665,Midday
2024-10-01 15:09:33.064,2024-10-01 15:17:29.157,member,7.9348833333333335,Midday
2024-10-01 15:10:08.159,2024-10-01 15:34:07.280,casual,23.98535,Midday
2024-10-01 15:10:49.685,2024-10-01 16:21:57.450,member,71.12941666666667,Midday
2024-10-01 15:11:17.865,2024-10-01 15:25:41.767,member,14.398366666666668,Midday
2024-10-01 15:12:44.720,2024-10-01 15:20:05.681,member,7.34935,Midday
2024-10-01 15:13:09.582,2024-10-01 15:18:35.992,member,5.440166666666667,Midday
2024-10-01 15:14:06.918,2024-10-01 15:39:09.949,casual,25.050516666666667,Midday
2024-10-01 15:14:30.608,2024-10-01 15:18:30.317,casual,3.99515,Midday
2024-10-01 15:15:12.457,2024-10-01 15:20:59.314,member,5.780950000000001,Midday
2024-10-01 15:15:20.304,2024-10-01 15:25:52.290,member,10.5331,Midday
2024-10-01 15:15:58.321,2024-10-01 15:26:47.161,member,10.814,Midday
2024-10-01 15:16:28.333,2024-10-01 15:31:55.441,casual,15.451799999999999,Midday
2024-10-01 15:16:37.805,2024-10-01 15:23:45.582,member,7.129616666666666,Midday
2024-10-01 15:17:09.472,2024-10-01 15:29:36.730,casual,12.4543,Midday
2024-10-01 15:17:25.270,2024-10-01 15:32:51.758,casual,15.441466666666667,Midday
2024-10-01 15:17:26.194,2024-10-01 15:23:57.694,casual,6.525,Midday
2024-10-01 15:17:43.814,2024-10-01 15:31:32.149,casual,13.805583333333335,Midday
2024-10-01 15:17:57.780,2024-10-01 15:29:54.723,member,11.94905,Midday
2024-10-01 15:18:26.152,2024-10-01 15:23:39.171,member,5.216983333333333,Midday
2024-10-01 15:18:49.142,2024-10-01 15:23:31.567,member,4.707083333333333,Midday
2024-10-01 15:19:07.247,2024-10-01 15:22:52.548,member,3.7550166666666667,Midday
2024-10-01 15:20:00.667,2024-10-01 15:24:42.235,casual,4.6928,Midday
2024-10-01 15:20:39.766,2024-10-01 15:29:45.659,member,9.098216666666668,Midday
2024-10-01 15:20:43.841,2024-10-01 15:24:03.371,member,3.3255,Midday
2024-10-01 15:21:53.346,2024-10-01 15:35:34.588,member,13.687366666666666,Midday
2024-10-01 15:22:35.040,2024-10-01 15:34:34.804,member,11.996066666666668,Midday
2024-10-01 15:22:36.716,2024-10-01 15:39:21.776,member,16.750999999999998,Midday
2024-10-01 15:23:17.385,2024-10-01 15:26:06.620,member,2.8205833333333334,Midday
2024-10-01 15:23:26.641,2024-10-01 15:27:25.213,casual,3.9762,Midday
2024-10-01 15:23:36.842,2024-10-01 15:27:21.407,casual,3.74275,Midday
2024-10-01 15:23:47.995,2024-10-01 15:46:07.233,member,22.320633333333333,Midday
2024-10-01 15:23:59.348,2024-10-01 15:29:38.732,member,5.6564000000000005,Midday
2024-10-01 15:24:04.951,2024-10-01 15:35:58.688,casual,11.895616666666665,Midday
2024-10-01 15:24:22.333,2024-10-01 15:45:17.369,casual,20.917266666666666,Midday
2024-10-01 15:24:33.046,2024-10-01 15:27:14.525,member,2.691316666666667,Midday
2024-10-01 15:27:21.006,2024-10-01 15:41:25.344,member,14.0723,Midday
2024-10-01 15:27:53.383,2024-10-01 15:38:06.407,member,10.217066666666666,Midday
2024-10-01 15:28:21.257,2024-10-01 15:39:37.469,member,11.270199999999999,Midday
2024-10-01 15:30:39.395,2024-10-01 15:38:22.068,member,7.711216666666667,Midday
2024-10-01 15:31:02.633,2024-10-01 15:34:42.581,member,3.6658,Midday
2024-10-01 15:31:22.302,2024-10-01 15:38:45.505,member,7.386716666666667,Midday
2024-10-01 15:31:30.856,2024-10-01 15:35:24.824,member,3.8994666666666666,Midday
2024-10-01 15:32:53.672,2024-10-01 15:45:10.030,member,12.272633333333333,Midday
2024-10-01 15:33:03.618,2024-10-01 15:43:02.291,member,9.977883333333333,Midday
2024-10-01 15:33:08.043,2024-10-01 15:42:06.916,member,8.981216666666667,Midday
2024-10-01 15:33:12.997,2024-10-01 15:49:09.095,member,15.934966666666666,Midday
2024-10-01 15:33:36.028,2024-10-01 15:35:40.218,member,2.0698333333333334,Midday
2024-10-01 15:33:56.383,2024-10-01 15:49:42.234,member,15.764183333333333,Midday
2024-10-01 15:33:59.558,2024-10-01 15:49:24.310,member,15.412533333333332,Midday
2024-10-01 15:34:13.807,2024-10-01 15:43:42.316,member,9.475150000000001,Midday
2024-10-01 15:34:24.409,2024-10-01 15:36:50.424,member,2.433583333333333,Midday
2024-10-01 15:34:33.261,2024-10-01 15:40:28.123,casual,5.914366666666667,Midday
2024-10-01 15:34:45.664,2024-10-01 15:37:55.055,member,3.1565166666666666,Midday
2024-10-01 15:35:28.341,2024-10-01 15:39:51.430,casual,4.384816666666667,Midday
2024-10-01 15:37:08.954,2024-10-01 15:39:50.001,casual,2.6841166666666667,Midday
2024-10-01 15:37:45.078,2024-10-01 15:40:45.186,member,3.0018000000000002,Midday
2024-10-01 15:38:05.386,2024-10-01 16:12:08.937,casual,34.05918333333333,Midday
2024-10-01 15:38:48.302,2024-10-01 15:53:44.232,member,14.932166666666665,Midday
2024-10-01 15:38:50.963,2024-10-01 15:43:14.194,member,4.387183333333334,Midday
2024-10-01 15:39:05.225,2024-10-01 15:43:37.389,member,4.536066666666667,Midday
2024-10-01 15:39:15.563,2024-10-01 15:48:20.783,member,9.087,Midday
2024-10-01 15:39:24.435,2024-10-01 15:43:55.582,member,4.519116666666666,Midday
2024-10-01 15:39:54.007,2024-10-01 15:53:41.709,member,13.795033333333333,Midday
2024-10-01 15:40:44.588,2024-10-01 15:52:14.351,casual,11.49605,Midday
2024-10-01 15:41:28.471,2024-10-01 15:46:46.623,casual,5.302533333333333,Midday
2024-10-01 15:41:41.182,2024-10-01 15:47:33.437,member,5.870916666666667,Midday
2024-10-01 15:42:37.146,2024-10-01 15:47:48.703,casual,5.192616666666667,Midday
2024-10-01 15:43:25.251,2024-10-01 16:04:06.816,casual,20.69275,Midday
2024-10-01 15:43:41.805,2024-10-01 16:15:33.119,member,31.855233333333334,Midday
2024-10-01 15:44:31.181,2024-10-01 15:51:13.562,member,6.70635,Midday
2024-10-01 15:45:05.355,2024-10-01 16:06:18.495,casual,21.219,Midday
2024-10-01 15:45:12.061,2024-10-01 15:47:23.953,member,2.1982,Midday
2024-10-01 15:45:21.842,2024-10-01 15:53:22.711,casual,8.014483333333335,Midday
2024-10-01 15:47:03.164,2024-10-01 15:56:00.737,member,8.95955,Midday
2024-10-01 15:47:25.494,2024-10-01 15:53:56.864,member,6.522833333333334,Midday
2024-10-01 15:47:27.079,2024-10-01 15:54:11.094,member,6.733583333333333,Midday
2024-10-01 15:47:30.254,2024-10-01 15:53:41.887,member,6.193883333333333,Midday
2024-10-01 15:47:47.039,2024-10-01 15:57:54.745,member,10.128433333333334,Midday
2024-10-01 15:47:52.391,2024-10-01 15:53:17.443,member,5.417533333333334,Midday
2024-10-01 15:47:56.869,2024-10-01 15:52:50.973,casual,4.9017333333333335,Midday
2024-10-01 15:48:02.401,2024-10-01 16:03:00.423,member,14.967033333333335,Midday
2024-10-01 15:48:16.607,2024-10-01 15:53:31.010,member,5.24005,Midday
2024-10-01 15:48:23.572,2024-10-01 15:53:25.442,casual,5.031166666666667,Midday
2024-10-01 15:49:09.604,2024-10-01 16:12:07.580,casual,22.96626666666667,Midday
2024-10-01 15:49:09.903,2024-10-01 16:00:44.877,casual,11.5829,Midday
2024-10-01 15:49:30.317,2024-10-01 16:03:21.707,member,13.8565,Midday
2024-10-01 15:49:47.336,2024-10-01 15:58:50.543,casual,9.05345,Midday
2024-10-01 15:50:05.626,2024-10-01 15:54:58.588,member,4.8827,Midday
2024-10-01 15:50:38.915,2024-10-01 16:00:53.386,member,10.241183333333334,Midday
2024-10-01 15:50:55.597,2024-10-01 15:53:54.075,member,2.9746333333333337,Midday
